date,keyword,interest
2015-12-27,compras online,0
2016-01-03,compras online,0
2016-01-10,compras online,0
2016-01-17,compras online,0
2016-01-24,compras online,0
2016-01-31,compras online,0
2016-02-07,compras online,0
2016-02-14,compras online,0
2016-02-21,compras online,0
2016-02-28,compras online,0
2016-03-06,compras online,0
2016-03-13,compras online,0
2016-03-20,compras online,0
2016-03-27,compras online,0
2016-04-03,compras online,0
2016-04-10,compras online,0
2016-04-17,compras online,0
2016-04-24,compras online,0
2016-05-01,compras online,0
2016-05-08,compras online,0
2016-05-15,compras online,0
2016-05-22,compras online,0
2016-05-29,compras online,0
2016-06-05,compras online,0
2016-06-12,compras online,0
2016-06-19,compras online,0
2016-06-26,compras online,0
2016-07-03,compras online,0
2016-07-10,compras online,0
2016-07-17,compras online,0
2016-07-24,compras online,0
2016-07-31,compras online,0
2016-08-07,compras online,0
2016-08-14,compras online,0
2016-08-21,compras online,0
2016-08-28,compras online,0
2016-09-04,compras online,0
2016-09-11,compras online,0
2016-09-18,compras online,0
2016-09-25,compras online,0
2016-10-02,compras online,0
2016-10-09,compras online,0
2016-10-16,compras online,0
2016-10-23,compras online,0
2016-10-30,compras online,0
2016-11-06,compras online,0
2016-11-13,compras online,0
2016-11-20,compras online,0
2016-11-27,compras online,0
2016-12-04,compras online,0
2016-12-11,compras online,0
2016-12-18,compras online,0
2016-12-25,compras online,0
2017-01-01,compras online,0
2017-01-08,compras online,0
2017-01-15,compras online,0
2017-01-22,compras online,0
2017-01-29,compras online,0
2017-02-05,compras online,0
2017-02-12,compras online,0
2017-02-19,compras online,0
2017-02-26,compras online,0
2017-03-05,compras online,0
2017-03-12,compras online,0
2017-03-19,compras online,0
2017-03-26,compras online,0
2017-04-02,compras online,0
2017-04-09,compras online,0
2017-04-16,compras online,0
2017-04-23,compras online,0
2017-04-30,compras online,0
2017-05-07,compras online,0
2017-05-14,compras online,0
2017-05-21,compras online,0
2017-05-28,compras online,0
2017-06-04,compras online,0
2017-06-11,compras online,0
2017-06-18,compras online,0
2017-06-25,compras online,0
2017-07-02,compras online,0
2017-07-09,compras online,0
2017-07-16,compras online,0
2017-07-23,compras online,0
2017-07-30,compras online,0
2017-08-06,compras online,0
2017-08-13,compras online,0
2017-08-20,compras online,0
2017-08-27,compras online,0
2017-09-03,compras online,0
2017-09-10,compras online,0
2017-09-17,compras online,0
2017-09-24,compras online,0
2017-10-01,compras online,0
2017-10-08,compras online,0
2017-10-15,compras online,0
2017-10-22,compras online,0
2017-10-29,compras online,0
2017-11-05,compras online,0
2017-11-12,compras online,0
2017-11-19,compras online,0
2017-11-26,compras online,0
2017-12-03,compras online,0
2017-12-10,compras online,0
2017-12-17,compras online,0
2017-12-24,compras online,0
2017-12-31,compras online,0
2018-01-07,compras online,0
2018-01-14,compras online,0
2018-01-21,compras online,0
2018-01-28,compras online,0
2018-02-04,compras online,0
2018-02-11,compras online,0
2018-02-18,compras online,0
2018-02-25,compras online,0
2018-03-04,compras online,0
2018-03-11,compras online,0
2018-03-18,compras online,0
2018-03-25,compras online,0
2018-04-01,compras online,0
2018-04-08,compras online,0
2018-04-15,compras online,0
2018-04-22,compras online,0
2018-04-29,compras online,0
2018-05-06,compras online,0
2018-05-13,compras online,0
2018-05-20,compras online,0
2018-05-27,compras online,0
2018-06-03,compras online,0
2018-06-10,compras online,0
2018-06-17,compras online,0
2018-06-24,compras online,0
2018-07-01,compras online,0
2018-07-08,compras online,0
2018-07-15,compras online,0
2018-07-22,compras online,0
2018-07-29,compras online,0
2018-08-05,compras online,0
2018-08-12,compras online,0
2018-08-19,compras online,0
2018-08-26,compras online,0
2018-09-02,compras online,0
2018-09-09,compras online,0
2018-09-16,compras online,0
2018-09-23,compras online,0
2018-09-30,compras online,0
2018-10-07,compras online,0
2018-10-14,compras online,0
2018-10-21,compras online,0
2018-10-28,compras online,0
2018-11-04,compras online,0
2018-11-11,compras online,0
2018-11-18,compras online,0
2018-11-25,compras online,0
2018-12-02,compras online,0
2018-12-09,compras online,0
2018-12-16,compras online,0
2018-12-23,compras online,0
2018-12-30,compras online,0
2015-12-27,ecommerce,0
2016-01-03,ecommerce,0
2016-01-10,ecommerce,0
2016-01-17,ecommerce,0
2016-01-24,ecommerce,0
2016-01-31,ecommerce,0
2016-02-07,ecommerce,0
2016-02-14,ecommerce,0
2016-02-21,ecommerce,0
2016-02-28,ecommerce,0
2016-03-06,ecommerce,0
2016-03-13,ecommerce,0
2016-03-20,ecommerce,0
2016-03-27,ecommerce,0
2016-04-03,ecommerce,0
2016-04-10,ecommerce,0
2016-04-17,ecommerce,0
2016-04-24,ecommerce,0
2016-05-01,ecommerce,0
2016-05-08,ecommerce,0
2016-05-15,ecommerce,0
2016-05-22,ecommerce,0
2016-05-29,ecommerce,0
2016-06-05,ecommerce,0
2016-06-12,ecommerce,0
2016-06-19,ecommerce,0
2016-06-26,ecommerce,0
2016-07-03,ecommerce,0
2016-07-10,ecommerce,0
2016-07-17,ecommerce,0
2016-07-24,ecommerce,0
2016-07-31,ecommerce,0
2016-08-07,ecommerce,0
2016-08-14,ecommerce,0
2016-08-21,ecommerce,0
2016-08-28,ecommerce,0
2016-09-04,ecommerce,0
2016-09-11,ecommerce,0
2016-09-18,ecommerce,0
2016-09-25,ecommerce,0
2016-10-02,ecommerce,0
2016-10-09,ecommerce,0
2016-10-16,ecommerce,0
2016-10-23,ecommerce,0
2016-10-30,ecommerce,0
2016-11-06,ecommerce,0
2016-11-13,ecommerce,0
2016-11-20,ecommerce,0
2016-11-27,ecommerce,0
2016-12-04,ecommerce,0
2016-12-11,ecommerce,0
2016-12-18,ecommerce,0
2016-12-25,ecommerce,0
2017-01-01,ecommerce,0
2017-01-08,ecommerce,0
2017-01-15,ecommerce,0
2017-01-22,ecommerce,0
2017-01-29,ecommerce,0
2017-02-05,ecommerce,0
2017-02-12,ecommerce,0
2017-02-19,ecommerce,0
2017-02-26,ecommerce,0
2017-03-05,ecommerce,0
2017-03-12,ecommerce,0
2017-03-19,ecommerce,0
2017-03-26,ecommerce,0
2017-04-02,ecommerce,0
2017-04-09,ecommerce,0
2017-04-16,ecommerce,0
2017-04-23,ecommerce,0
2017-04-30,ecommerce,0
2017-05-07,ecommerce,0
2017-05-14,ecommerce,0
2017-05-21,ecommerce,0
2017-05-28,ecommerce,0
2017-06-04,ecommerce,0
2017-06-11,ecommerce,0
2017-06-18,ecommerce,0
2017-06-25,ecommerce,0
2017-07-02,ecommerce,0
2017-07-09,ecommerce,0
2017-07-16,ecommerce,0
2017-07-23,ecommerce,0
2017-07-30,ecommerce,0
2017-08-06,ecommerce,0
2017-08-13,ecommerce,0
2017-08-20,ecommerce,0
2017-08-27,ecommerce,0
2017-09-03,ecommerce,0
2017-09-10,ecommerce,0
2017-09-17,ecommerce,0
2017-09-24,ecommerce,0
2017-10-01,ecommerce,0
2017-10-08,ecommerce,0
2017-10-15,ecommerce,0
2017-10-22,ecommerce,0
2017-10-29,ecommerce,0
2017-11-05,ecommerce,0
2017-11-12,ecommerce,0
2017-11-19,ecommerce,0
2017-11-26,ecommerce,0
2017-12-03,ecommerce,0
2017-12-10,ecommerce,0
2017-12-17,ecommerce,0
2017-12-24,ecommerce,0
2017-12-31,ecommerce,0
2018-01-07,ecommerce,0
2018-01-14,ecommerce,0
2018-01-21,ecommerce,0
2018-01-28,ecommerce,0
2018-02-04,ecommerce,0
2018-02-11,ecommerce,0
2018-02-18,ecommerce,0
2018-02-25,ecommerce,0
2018-03-04,ecommerce,0
2018-03-11,ecommerce,0
2018-03-18,ecommerce,0
2018-03-25,ecommerce,0
2018-04-01,ecommerce,0
2018-04-08,ecommerce,0
2018-04-15,ecommerce,0
2018-04-22,ecommerce,0
2018-04-29,ecommerce,0
2018-05-06,ecommerce,0
2018-05-13,ecommerce,0
2018-05-20,ecommerce,0
2018-05-27,ecommerce,0
2018-06-03,ecommerce,0
2018-06-10,ecommerce,0
2018-06-17,ecommerce,0
2018-06-24,ecommerce,0
2018-07-01,ecommerce,0
2018-07-08,ecommerce,0
2018-07-15,ecommerce,0
2018-07-22,ecommerce,0
2018-07-29,ecommerce,0
2018-08-05,ecommerce,0
2018-08-12,ecommerce,1
2018-08-19,ecommerce,0
2018-08-26,ecommerce,0
2018-09-02,ecommerce,0
2018-09-09,ecommerce,0
2018-09-16,ecommerce,0
2018-09-23,ecommerce,0
2018-09-30,ecommerce,0
2018-10-07,ecommerce,0
2018-10-14,ecommerce,0
2018-10-21,ecommerce,0
2018-10-28,ecommerce,0
2018-11-04,ecommerce,0
2018-11-11,ecommerce,0
2018-11-18,ecommerce,0
2018-11-25,ecommerce,0
2018-12-02,ecommerce,0
2018-12-09,ecommerce,0
2018-12-16,ecommerce,0
2018-12-23,ecommerce,0
2018-12-30,ecommerce,0
2015-12-27,mercado livre,63
2016-01-03,mercado livre,56
2016-01-10,mercado livre,58
2016-01-17,mercado livre,60
2016-01-24,mercado livre,56
2016-01-31,mercado livre,55
2016-02-07,mercado livre,57
2016-02-14,mercado livre,57
2016-02-21,mercado livre,57
2016-02-28,mercado livre,54
2016-03-06,mercado livre,57
2016-03-13,mercado livre,57
2016-03-20,mercado livre,56
2016-03-27,mercado livre,59
2016-04-03,mercado livre,57
2016-04-10,mercado livre,54
2016-04-17,mercado livre,55
2016-04-24,mercado livre,54
2016-05-01,mercado livre,61
2016-05-08,mercado livre,59
2016-05-15,mercado livre,60
2016-05-22,mercado livre,61
2016-05-29,mercado livre,61
2016-06-05,mercado livre,60
2016-06-12,mercado livre,60
2016-06-19,mercado livre,59
2016-06-26,mercado livre,60
2016-07-03,mercado livre,64
2016-07-10,mercado livre,63
2016-07-17,mercado livre,66
2016-07-24,mercado livre,65
2016-07-31,mercado livre,63
2016-08-07,mercado livre,60
2016-08-14,mercado livre,59
2016-08-21,mercado livre,62
2016-08-28,mercado livre,61
2016-09-04,mercado livre,63
2016-09-11,mercado livre,62
2016-09-18,mercado livre,61
2016-09-25,mercado livre,62
2016-10-02,mercado livre,59
2016-10-09,mercado livre,65
2016-10-16,mercado livre,64
2016-10-23,mercado livre,60
2016-10-30,mercado livre,62
2016-11-06,mercado livre,63
2016-11-13,mercado livre,68
2016-11-20,mercado livre,76
2016-11-27,mercado livre,72
2016-12-04,mercado livre,72
2016-12-11,mercado livre,67
2016-12-18,mercado livre,64
2016-12-25,mercado livre,64
2017-01-01,mercado livre,63
2017-01-08,mercado livre,69
2017-01-15,mercado livre,66
2017-01-22,mercado livre,68
2017-01-29,mercado livre,69
2017-02-05,mercado livre,65
2017-02-12,mercado livre,64
2017-02-19,mercado livre,64
2017-02-26,mercado livre,70
2017-03-05,mercado livre,66
2017-03-12,mercado livre,70
2017-03-19,mercado livre,72
2017-03-26,mercado livre,70
2017-04-02,mercado livre,68
2017-04-09,mercado livre,62
2017-04-16,mercado livre,66
2017-04-23,mercado livre,72
2017-04-30,mercado livre,74
2017-05-07,mercado livre,73
2017-05-14,mercado livre,66
2017-05-21,mercado livre,68
2017-05-28,mercado livre,73
2017-06-04,mercado livre,72
2017-06-11,mercado livre,72
2017-06-18,mercado livre,73
2017-06-25,mercado livre,75
2017-07-02,mercado livre,78
2017-07-09,mercado livre,76
2017-07-16,mercado livre,80
2017-07-23,mercado livre,80
2017-07-30,mercado livre,80
2017-08-06,mercado livre,85
2017-08-13,mercado livre,82
2017-08-20,mercado livre,80
2017-08-27,mercado livre,81
2017-09-03,mercado livre,81
2017-09-10,mercado livre,83
2017-09-17,mercado livre,80
2017-09-24,mercado livre,79
2017-10-01,mercado livre,81
2017-10-08,mercado livre,85
2017-10-15,mercado livre,84
2017-10-22,mercado livre,81
2017-10-29,mercado livre,80
2017-11-05,mercado livre,82
2017-11-12,mercado livre,86
2017-11-19,mercado livre,100
2017-11-26,mercado livre,90
2017-12-03,mercado livre,93
2017-12-10,mercado livre,91
2017-12-17,mercado livre,88
2017-12-24,mercado livre,86
2017-12-31,mercado livre,88
2018-01-07,mercado livre,88
2018-01-14,mercado livre,93
2018-01-21,mercado livre,85
2018-01-28,mercado livre,90
2018-02-04,mercado livre,84
2018-02-11,mercado livre,86
2018-02-18,mercado livre,83
2018-02-25,mercado livre,83
2018-03-04,mercado livre,83
2018-03-11,mercado livre,84
2018-03-18,mercado livre,76
2018-03-25,mercado livre,74
2018-04-01,mercado livre,72
2018-04-08,mercado livre,72
2018-04-15,mercado livre,76
2018-04-22,mercado livre,81
2018-04-29,mercado livre,76
2018-05-06,mercado livre,75
2018-05-13,mercado livre,75
2018-05-20,mercado livre,66
2018-05-27,mercado livre,63
2018-06-03,mercado livre,70
2018-06-10,mercado livre,69
2018-06-17,mercado livre,67
2018-06-24,mercado livre,68
2018-07-01,mercado livre,71
2018-07-08,mercado livre,69
2018-07-15,mercado livre,65
2018-07-22,mercado livre,70
2018-07-29,mercado livre,67
2018-08-05,mercado livre,71
2018-08-12,mercado livre,67
2018-08-19,mercado livre,66
2018-08-26,mercado livre,72
2018-09-02,mercado livre,64
2018-09-09,mercado livre,65
2018-09-16,mercado livre,64
2018-09-23,mercado livre,64
2018-09-30,mercado livre,60
2018-10-07,mercado livre,52
2018-10-14,mercado livre,63
2018-10-21,mercado livre,57
2018-10-28,mercado livre,58
2018-11-04,mercado livre,63
2018-11-11,mercado livre,66
2018-11-18,mercado livre,79
2018-11-25,mercado livre,70
2018-12-02,mercado livre,75
2018-12-09,mercado livre,71
2018-12-16,mercado livre,65
2018-12-23,mercado livre,59
2018-12-30,mercado livre,64
2015-12-27,comprar alimentos,0
2016-01-03,comprar alimentos,0
2016-01-10,comprar alimentos,0
2016-01-17,comprar alimentos,0
2016-01-24,comprar alimentos,0
2016-01-31,comprar alimentos,0
2016-02-07,comprar alimentos,0
2016-02-14,comprar alimentos,0
2016-02-21,comprar alimentos,0
2016-02-28,comprar alimentos,0
2016-03-06,comprar alimentos,0
2016-03-13,comprar alimentos,0
2016-03-20,comprar alimentos,0
2016-03-27,comprar alimentos,0
2016-04-03,comprar alimentos,0
2016-04-10,comprar alimentos,0
2016-04-17,comprar alimentos,0
2016-04-24,comprar alimentos,0
2016-05-01,comprar alimentos,0
2016-05-08,comprar alimentos,0
2016-05-15,comprar alimentos,0
2016-05-22,comprar alimentos,0
2016-05-29,comprar alimentos,0
2016-06-05,comprar alimentos,0
2016-06-12,comprar alimentos,0
2016-06-19,comprar alimentos,0
2016-06-26,comprar alimentos,0
2016-07-03,comprar alimentos,0
2016-07-10,comprar alimentos,0
2016-07-17,comprar alimentos,0
2016-07-24,comprar alimentos,0
2016-07-31,comprar alimentos,0
2016-08-07,comprar alimentos,0
2016-08-14,comprar alimentos,0
2016-08-21,comprar alimentos,0
2016-08-28,comprar alimentos,0
2016-09-04,comprar alimentos,0
2016-09-11,comprar alimentos,0
2016-09-18,comprar alimentos,0
2016-09-25,comprar alimentos,0
2016-10-02,comprar alimentos,0
2016-10-09,comprar alimentos,0
2016-10-16,comprar alimentos,0
2016-10-23,comprar alimentos,0
2016-10-30,comprar alimentos,0
2016-11-06,comprar alimentos,0
2016-11-13,comprar alimentos,0
2016-11-20,comprar alimentos,0
2016-11-27,comprar alimentos,0
2016-12-04,comprar alimentos,0
2016-12-11,comprar alimentos,0
2016-12-18,comprar alimentos,0
2016-12-25,comprar alimentos,0
2017-01-01,comprar alimentos,0
2017-01-08,comprar alimentos,0
2017-01-15,comprar alimentos,0
2017-01-22,comprar alimentos,0
2017-01-29,comprar alimentos,0
2017-02-05,comprar alimentos,0
2017-02-12,comprar alimentos,0
2017-02-19,comprar alimentos,0
2017-02-26,comprar alimentos,0
2017-03-05,comprar alimentos,0
2017-03-12,comprar alimentos,0
2017-03-19,comprar alimentos,0
2017-03-26,comprar alimentos,0
2017-04-02,comprar alimentos,0
2017-04-09,comprar alimentos,0
2017-04-16,comprar alimentos,0
2017-04-23,comprar alimentos,0
2017-04-30,comprar alimentos,0
2017-05-07,comprar alimentos,0
2017-05-14,comprar alimentos,0
2017-05-21,comprar alimentos,0
2017-05-28,comprar alimentos,0
2017-06-04,comprar alimentos,0
2017-06-11,comprar alimentos,0
2017-06-18,comprar alimentos,0
2017-06-25,comprar alimentos,0
2017-07-02,comprar alimentos,0
2017-07-09,comprar alimentos,0
2017-07-16,comprar alimentos,0
2017-07-23,comprar alimentos,0
2017-07-30,comprar alimentos,0
2017-08-06,comprar alimentos,0
2017-08-13,comprar alimentos,0
2017-08-20,comprar alimentos,0
2017-08-27,comprar alimentos,0
2017-09-03,comprar alimentos,0
2017-09-10,comprar alimentos,0
2017-09-17,comprar alimentos,0
2017-09-24,comprar alimentos,0
2017-10-01,comprar alimentos,0
2017-10-08,comprar alimentos,0
2017-10-15,comprar alimentos,0
2017-10-22,comprar alimentos,0
2017-10-29,comprar alimentos,0
2017-11-05,comprar alimentos,0
2017-11-12,comprar alimentos,0
2017-11-19,comprar alimentos,0
2017-11-26,comprar alimentos,0
2017-12-03,comprar alimentos,0
2017-12-10,comprar alimentos,0
2017-12-17,comprar alimentos,0
2017-12-24,comprar alimentos,0
2017-12-31,comprar alimentos,0
2018-01-07,comprar alimentos,0
2018-01-14,comprar alimentos,0
2018-01-21,comprar alimentos,0
2018-01-28,comprar alimentos,0
2018-02-04,comprar alimentos,0
2018-02-11,comprar alimentos,0
2018-02-18,comprar alimentos,0
2018-02-25,comprar alimentos,0
2018-03-04,comprar alimentos,0
2018-03-11,comprar alimentos,0
2018-03-18,comprar alimentos,0
2018-03-25,comprar alimentos,0
2018-04-01,comprar alimentos,0
2018-04-08,comprar alimentos,0
2018-04-15,comprar alimentos,0
2018-04-22,comprar alimentos,0
2018-04-29,comprar alimentos,0
2018-05-06,comprar alimentos,0
2018-05-13,comprar alimentos,0
2018-05-20,comprar alimentos,0
2018-05-27,comprar alimentos,0
2018-06-03,comprar alimentos,0
2018-06-10,comprar alimentos,0
2018-06-17,comprar alimentos,0
2018-06-24,comprar alimentos,0
2018-07-01,comprar alimentos,0
2018-07-08,comprar alimentos,0
2018-07-15,comprar alimentos,0
2018-07-22,comprar alimentos,0
2018-07-29,comprar alimentos,0
2018-08-05,comprar alimentos,0
2018-08-12,comprar alimentos,0
2018-08-19,comprar alimentos,0
2018-08-26,comprar alimentos,0
2018-09-02,comprar alimentos,0
2018-09-09,comprar alimentos,0
2018-09-16,comprar alimentos,0
2018-09-23,comprar alimentos,0
2018-09-30,comprar alimentos,0
2018-10-07,comprar alimentos,0
2018-10-14,comprar alimentos,0
2018-10-21,comprar alimentos,0
2018-10-28,comprar alimentos,0
2018-11-04,comprar alimentos,0
2018-11-11,comprar alimentos,0
2018-11-18,comprar alimentos,0
2018-11-25,comprar alimentos,0
2018-12-02,comprar alimentos,0
2018-12-09,comprar alimentos,0
2018-12-16,comprar alimentos,0
2018-12-23,comprar alimentos,0
2018-12-30,comprar alimentos,0
2015-12-27,black friday,0
2016-01-03,black friday,0
2016-01-10,black friday,0
2016-01-17,black friday,0
2016-01-24,black friday,0
2016-01-31,black friday,0
2016-02-07,black friday,0
2016-02-14,black friday,0
2016-02-21,black friday,0
2016-02-28,black friday,0
2016-03-06,black friday,0
2016-03-13,black friday,0
2016-03-20,black friday,0
2016-03-27,black friday,0
2016-04-03,black friday,0
2016-04-10,black friday,0
2016-04-17,black friday,0
2016-04-24,black friday,0
2016-05-01,black friday,0
2016-05-08,black friday,0
2016-05-15,black friday,0
2016-05-22,black friday,0
2016-05-29,black friday,0
2016-06-05,black friday,0
2016-06-12,black friday,0
2016-06-19,black friday,0
2016-06-26,black friday,0
2016-07-03,black friday,0
2016-07-10,black friday,0
2016-07-17,black friday,0
2016-07-24,black friday,0
2016-07-31,black friday,0
2016-08-07,black friday,0
2016-08-14,black friday,0
2016-08-21,black friday,0
2016-08-28,black friday,0
2016-09-04,black friday,1
2016-09-11,black friday,1
2016-09-18,black friday,1
2016-09-25,black friday,1
2016-10-02,black friday,1
2016-10-09,black friday,2
2016-10-16,black friday,2
2016-10-23,black friday,4
2016-10-30,black friday,7
2016-11-06,black friday,9
2016-11-13,black friday,12
2016-11-20,black friday,69
2016-11-27,black friday,6
2016-12-04,black friday,1
2016-12-11,black friday,0
2016-12-18,black friday,0
2016-12-25,black friday,0
2017-01-01,black friday,0
2017-01-08,black friday,0
2017-01-15,black friday,0
2017-01-22,black friday,0
2017-01-29,black friday,0
2017-02-05,black friday,0
2017-02-12,black friday,0
2017-02-19,black friday,0
2017-02-26,black friday,0
2017-03-05,black friday,0
2017-03-12,black friday,0
2017-03-19,black friday,0
2017-03-26,black friday,0
2017-04-02,black friday,0
2017-04-09,black friday,0
2017-04-16,black friday,0
2017-04-23,black friday,0
2017-04-30,black friday,0
2017-05-07,black friday,0
2017-05-14,black friday,0
2017-05-21,black friday,0
2017-05-28,black friday,0
2017-06-04,black friday,0
2017-06-11,black friday,0
2017-06-18,black friday,0
2017-06-25,black friday,0
2017-07-02,black friday,0
2017-07-09,black friday,0
2017-07-16,black friday,0
2017-07-23,black friday,0
2017-07-30,black friday,0
2017-08-06,black friday,0
2017-08-13,black friday,0
2017-08-20,black friday,0
2017-08-27,black friday,0
2017-09-03,black friday,1
2017-09-10,black friday,1
2017-09-17,black friday,1
2017-09-24,black friday,1
2017-10-01,black friday,1
2017-10-08,black friday,1
2017-10-15,black friday,2
2017-10-22,black friday,3
2017-10-29,black friday,7
2017-11-05,black friday,10
2017-11-12,black friday,15
2017-11-19,black friday,69
2017-11-26,black friday,6
2017-12-03,black friday,1
2017-12-10,black friday,0
2017-12-17,black friday,0
2017-12-24,black friday,0
2017-12-31,black friday,0
2018-01-07,black friday,0
2018-01-14,black friday,0
2018-01-21,black friday,0
2018-01-28,black friday,0
2018-02-04,black friday,0
2018-02-11,black friday,0
2018-02-18,black friday,0
2018-02-25,black friday,0
2018-03-04,black friday,0
2018-03-11,black friday,0
2018-03-18,black friday,0
2018-03-25,black friday,0
2018-04-01,black friday,0
2018-04-08,black friday,0
2018-04-15,black friday,0
2018-04-22,black friday,0
2018-04-29,black friday,0
2018-05-06,black friday,0
2018-05-13,black friday,0
2018-05-20,black friday,0
2018-05-27,black friday,0
2018-06-03,black friday,0
2018-06-10,black friday,0
2018-06-17,black friday,0
2018-06-24,black friday,0
2018-07-01,black friday,0
2018-07-08,black friday,0
2018-07-15,black friday,0
2018-07-22,black friday,0
2018-07-29,black friday,0
2018-08-05,black friday,0
2018-08-12,black friday,0
2018-08-19,black friday,0
2018-08-26,black friday,1
2018-09-02,black friday,1
2018-09-09,black friday,1
2018-09-16,black friday,1
2018-09-23,black friday,1
2018-09-30,black friday,1
2018-10-07,black friday,2
2018-10-14,black friday,3
2018-10-21,black friday,4
2018-10-28,black friday,8
2018-11-04,black friday,13
2018-11-11,black friday,17
2018-11-18,black friday,72
2018-11-25,black friday,8
2018-12-02,black friday,1
2018-12-09,black friday,0
2018-12-16,black friday,0
2018-12-23,black friday,0
2018-12-30,black friday,0
2015-12-27,entrega mercado,1
2016-01-03,entrega mercado,1
2016-01-10,entrega mercado,1
2016-01-17,entrega mercado,1
2016-01-24,entrega mercado,1
2016-01-31,entrega mercado,1
2016-02-07,entrega mercado,1
2016-02-14,entrega mercado,1
2016-02-21,entrega mercado,1
2016-02-28,entrega mercado,1
2016-03-06,entrega mercado,1
2016-03-13,entrega mercado,1
2016-03-20,entrega mercado,1
2016-03-27,entrega mercado,1
2016-04-03,entrega mercado,1
2016-04-10,entrega mercado,1
2016-04-17,entrega mercado,1
2016-04-24,entrega mercado,1
2016-05-01,entrega mercado,1
2016-05-08,entrega mercado,1
2016-05-15,entrega mercado,1
2016-05-22,entrega mercado,1
2016-05-29,entrega mercado,1
2016-06-05,entrega mercado,1
2016-06-12,entrega mercado,1
2016-06-19,entrega mercado,1
2016-06-26,entrega mercado,1
2016-07-03,entrega mercado,1
2016-07-10,entrega mercado,1
2016-07-17,entrega mercado,1
2016-07-24,entrega mercado,1
2016-07-31,entrega mercado,1
2016-08-07,entrega mercado,1
2016-08-14,entrega mercado,1
2016-08-21,entrega mercado,1
2016-08-28,entrega mercado,1
2016-09-04,entrega mercado,1
2016-09-11,entrega mercado,1
2016-09-18,entrega mercado,1
2016-09-25,entrega mercado,1
2016-10-02,entrega mercado,1
2016-10-09,entrega mercado,1
2016-10-16,entrega mercado,1
2016-10-23,entrega mercado,1
2016-10-30,entrega mercado,1
2016-11-06,entrega mercado,1
2016-11-13,entrega mercado,1
2016-11-20,entrega mercado,1
2016-11-27,entrega mercado,1
2016-12-04,entrega mercado,1
2016-12-11,entrega mercado,1
2016-12-18,entrega mercado,1
2016-12-25,entrega mercado,1
2017-01-01,entrega mercado,1
2017-01-08,entrega mercado,1
2017-01-15,entrega mercado,1
2017-01-22,entrega mercado,1
2017-01-29,entrega mercado,1
2017-02-05,entrega mercado,1
2017-02-12,entrega mercado,1
2017-02-19,entrega mercado,1
2017-02-26,entrega mercado,1
2017-03-05,entrega mercado,1
2017-03-12,entrega mercado,1
2017-03-19,entrega mercado,1
2017-03-26,entrega mercado,1
2017-04-02,entrega mercado,1
2017-04-09,entrega mercado,1
2017-04-16,entrega mercado,1
2017-04-23,entrega mercado,1
2017-04-30,entrega mercado,1
2017-05-07,entrega mercado,1
2017-05-14,entrega mercado,1
2017-05-21,entrega mercado,1
2017-05-28,entrega mercado,1
2017-06-04,entrega mercado,1
2017-06-11,entrega mercado,1
2017-06-18,entrega mercado,1
2017-06-25,entrega mercado,1
2017-07-02,entrega mercado,1
2017-07-09,entrega mercado,1
2017-07-16,entrega mercado,1
2017-07-23,entrega mercado,1
2017-07-30,entrega mercado,1
2017-08-06,entrega mercado,1
2017-08-13,entrega mercado,1
2017-08-20,entrega mercado,1
2017-08-27,entrega mercado,1
2017-09-03,entrega mercado,1
2017-09-10,entrega mercado,1
2017-09-17,entrega mercado,1
2017-09-24,entrega mercado,1
2017-10-01,entrega mercado,2
2017-10-08,entrega mercado,1
2017-10-15,entrega mercado,1
2017-10-22,entrega mercado,1
2017-10-29,entrega mercado,1
2017-11-05,entrega mercado,1
2017-11-12,entrega mercado,1
2017-11-19,entrega mercado,2
2017-11-26,entrega mercado,2
2017-12-03,entrega mercado,2
2017-12-10,entrega mercado,2
2017-12-17,entrega mercado,2
2017-12-24,entrega mercado,1
2017-12-31,entrega mercado,1
2018-01-07,entrega mercado,1
2018-01-14,entrega mercado,1
2018-01-21,entrega mercado,2
2018-01-28,entrega mercado,1
2018-02-04,entrega mercado,1
2018-02-11,entrega mercado,1
2018-02-18,entrega mercado,1
2018-02-25,entrega mercado,2
2018-03-04,entrega mercado,1
2018-03-11,entrega mercado,2
2018-03-18,entrega mercado,1
2018-03-25,entrega mercado,1
2018-04-01,entrega mercado,2
2018-04-08,entrega mercado,1
2018-04-15,entrega mercado,1
2018-04-22,entrega mercado,1
2018-04-29,entrega mercado,1
2018-05-06,entrega mercado,2
2018-05-13,entrega mercado,2
2018-05-20,entrega mercado,1
2018-05-27,entrega mercado,1
2018-06-03,entrega mercado,1
2018-06-10,entrega mercado,1
2018-06-17,entrega mercado,1
2018-06-24,entrega mercado,1
2018-07-01,entrega mercado,1
2018-07-08,entrega mercado,1
2018-07-15,entrega mercado,1
2018-07-22,entrega mercado,1
2018-07-29,entrega mercado,1
2018-08-05,entrega mercado,1
2018-08-12,entrega mercado,1
2018-08-19,entrega mercado,1
2018-08-26,entrega mercado,1
2018-09-02,entrega mercado,1
2018-09-09,entrega mercado,1
2018-09-16,entrega mercado,1
2018-09-23,entrega mercado,1
2018-09-30,entrega mercado,1
2018-10-07,entrega mercado,1
2018-10-14,entrega mercado,2
2018-10-21,entrega mercado,1
2018-10-28,entrega mercado,1
2018-11-04,entrega mercado,1
2018-11-11,entrega mercado,1
2018-11-18,entrega mercado,2
2018-11-25,entrega mercado,2
2018-12-02,entrega mercado,2
2018-12-09,entrega mercado,2
2018-12-16,entrega mercado,2
2018-12-23,entrega mercado,1
2018-12-30,entrega mercado,1
2015-12-27,comprar eletronicos,1
2016-01-03,comprar eletronicos,1
2016-01-10,comprar eletronicos,1
2016-01-17,comprar eletronicos,1
2016-01-24,comprar eletronicos,1
2016-01-31,comprar eletronicos,1
2016-02-07,comprar eletronicos,1
2016-02-14,comprar eletronicos,1
2016-02-21,comprar eletronicos,1
2016-02-28,comprar eletronicos,1
2016-03-06,comprar eletronicos,1
2016-03-13,comprar eletronicos,1
2016-03-20,comprar eletronicos,1
2016-03-27,comprar eletronicos,1
2016-04-03,comprar eletronicos,1
2016-04-10,comprar eletronicos,1
2016-04-17,comprar eletronicos,1
2016-04-24,comprar eletronicos,1
2016-05-01,comprar eletronicos,1
2016-05-08,comprar eletronicos,1
2016-05-15,comprar eletronicos,1
2016-05-22,comprar eletronicos,1
2016-05-29,comprar eletronicos,1
2016-06-05,comprar eletronicos,1
2016-06-12,comprar eletronicos,1
2016-06-19,comprar eletronicos,1
2016-06-26,comprar eletronicos,1
2016-07-03,comprar eletronicos,1
2016-07-10,comprar eletronicos,1
2016-07-17,comprar eletronicos,1
2016-07-24,comprar eletronicos,1
2016-07-31,comprar eletronicos,1
2016-08-07,comprar eletronicos,1
2016-08-14,comprar eletronicos,1
2016-08-21,comprar eletronicos,1
2016-08-28,comprar eletronicos,1
2016-09-04,comprar eletronicos,1
2016-09-11,comprar eletronicos,1
2016-09-18,comprar eletronicos,1
2016-09-25,comprar eletronicos,1
2016-10-02,comprar eletronicos,1
2016-10-09,comprar eletronicos,1
2016-10-16,comprar eletronicos,1
2016-10-23,comprar eletronicos,1
2016-10-30,comprar eletronicos,1
2016-11-06,comprar eletronicos,1
2016-11-13,comprar eletronicos,1
2016-11-20,comprar eletronicos,1
2016-11-27,comprar eletronicos,1
2016-12-04,comprar eletronicos,1
2016-12-11,comprar eletronicos,1
2016-12-18,comprar eletronicos,1
2016-12-25,comprar eletronicos,1
2017-01-01,comprar eletronicos,1
2017-01-08,comprar eletronicos,1
2017-01-15,comprar eletronicos,1
2017-01-22,comprar eletronicos,1
2017-01-29,comprar eletronicos,1
2017-02-05,comprar eletronicos,1
2017-02-12,comprar eletronicos,1
2017-02-19,comprar eletronicos,1
2017-02-26,comprar eletronicos,1
2017-03-05,comprar eletronicos,1
2017-03-12,comprar eletronicos,1
2017-03-19,comprar eletronicos,1
2017-03-26,comprar eletronicos,1
2017-04-02,comprar eletronicos,1
2017-04-09,comprar eletronicos,1
2017-04-16,comprar eletronicos,1
2017-04-23,comprar eletronicos,1
2017-04-30,comprar eletronicos,1
2017-05-07,comprar eletronicos,1
2017-05-14,comprar eletronicos,1
2017-05-21,comprar eletronicos,1
2017-05-28,comprar eletronicos,1
2017-06-04,comprar eletronicos,1
2017-06-11,comprar eletronicos,1
2017-06-18,comprar eletronicos,1
2017-06-25,comprar eletronicos,1
2017-07-02,comprar eletronicos,1
2017-07-09,comprar eletronicos,1
2017-07-16,comprar eletronicos,1
2017-07-23,comprar eletronicos,1
2017-07-30,comprar eletronicos,1
2017-08-06,comprar eletronicos,1
2017-08-13,comprar eletronicos,1
2017-08-20,comprar eletronicos,1
2017-08-27,comprar eletronicos,1
2017-09-03,comprar eletronicos,1
2017-09-10,comprar eletronicos,1
2017-09-17,comprar eletronicos,1
2017-09-24,comprar eletronicos,1
2017-10-01,comprar eletronicos,1
2017-10-08,comprar eletronicos,1
2017-10-15,comprar eletronicos,1
2017-10-22,comprar eletronicos,1
2017-10-29,comprar eletronicos,1
2017-11-05,comprar eletronicos,1
2017-11-12,comprar eletronicos,1
2017-11-19,comprar eletronicos,1
2017-11-26,comprar eletronicos,1
2017-12-03,comprar eletronicos,1
2017-12-10,comprar eletronicos,1
2017-12-17,comprar eletronicos,1
2017-12-24,comprar eletronicos,1
2017-12-31,comprar eletronicos,1
2018-01-07,comprar eletronicos,1
2018-01-14,comprar eletronicos,1
2018-01-21,comprar eletronicos,1
2018-01-28,comprar eletronicos,1
2018-02-04,comprar eletronicos,1
2018-02-11,comprar eletronicos,1
2018-02-18,comprar eletronicos,1
2018-02-25,comprar eletronicos,1
2018-03-04,comprar eletronicos,1
2018-03-11,comprar eletronicos,1
2018-03-18,comprar eletronicos,1
2018-03-25,comprar eletronicos,1
2018-04-01,comprar eletronicos,1
2018-04-08,comprar eletronicos,1
2018-04-15,comprar eletronicos,1
2018-04-22,comprar eletronicos,1
2018-04-29,comprar eletronicos,1
2018-05-06,comprar eletronicos,1
2018-05-13,comprar eletronicos,1
2018-05-20,comprar eletronicos,1
2018-05-27,comprar eletronicos,1
2018-06-03,comprar eletronicos,1
2018-06-10,comprar eletronicos,0
2018-06-17,comprar eletronicos,1
2018-06-24,comprar eletronicos,1
2018-07-01,comprar eletronicos,0
2018-07-08,comprar eletronicos,1
2018-07-15,comprar eletronicos,1
2018-07-22,comprar eletronicos,1
2018-07-29,comprar eletronicos,1
2018-08-05,comprar eletronicos,1
2018-08-12,comprar eletronicos,1
2018-08-19,comprar eletronicos,1
2018-08-26,comprar eletronicos,1
2018-09-02,comprar eletronicos,0
2018-09-09,comprar eletronicos,0
2018-09-16,comprar eletronicos,1
2018-09-23,comprar eletronicos,0
2018-09-30,comprar eletronicos,0
2018-10-07,comprar eletronicos,0
2018-10-14,comprar eletronicos,1
2018-10-21,comprar eletronicos,1
2018-10-28,comprar eletronicos,1
2018-11-04,comprar eletronicos,1
2018-11-11,comprar eletronicos,1
2018-11-18,comprar eletronicos,1
2018-11-25,comprar eletronicos,1
2018-12-02,comprar eletronicos,1
2018-12-09,comprar eletronicos,1
2018-12-16,comprar eletronicos,1
2018-12-23,comprar eletronicos,1
2018-12-30,comprar eletronicos,0
2015-12-27,loja online,25
2016-01-03,loja online,26
2016-01-10,loja online,24
2016-01-17,loja online,28
2016-01-24,loja online,24
2016-01-31,loja online,23
2016-02-07,loja online,25
2016-02-14,loja online,23
2016-02-21,loja online,23
2016-02-28,loja online,23
2016-03-06,loja online,23
2016-03-13,loja online,23
2016-03-20,loja online,23
2016-03-27,loja online,23
2016-04-03,loja online,25
2016-04-10,loja online,22
2016-04-17,loja online,23
2016-04-24,loja online,25
2016-05-01,loja online,28
2016-05-08,loja online,23
2016-05-15,loja online,24
2016-05-22,loja online,24
2016-05-29,loja online,25
2016-06-05,loja online,24
2016-06-12,loja online,28
2016-06-19,loja online,23
2016-06-26,loja online,23
2016-07-03,loja online,21
2016-07-10,loja online,22
2016-07-17,loja online,23
2016-07-24,loja online,23
2016-07-31,loja online,21
2016-08-07,loja online,21
2016-08-14,loja online,20
2016-08-21,loja online,20
2016-08-28,loja online,22
2016-09-04,loja online,22
2016-09-11,loja online,20
2016-09-18,loja online,20
2016-09-25,loja online,21
2016-10-02,loja online,19
2016-10-09,loja online,21
2016-10-16,loja online,21
2016-10-23,loja online,22
2016-10-30,loja online,21
2016-11-06,loja online,22
2016-11-13,loja online,24
2016-11-20,loja online,28
2016-11-27,loja online,24
2016-12-04,loja online,27
2016-12-11,loja online,24
2016-12-18,loja online,22
2016-12-25,loja online,20
2017-01-01,loja online,20
2017-01-08,loja online,22
2017-01-15,loja online,22
2017-01-22,loja online,22
2017-01-29,loja online,20
2017-02-05,loja online,20
2017-02-12,loja online,20
2017-02-19,loja online,19
2017-02-26,loja online,20
2017-03-05,loja online,21
2017-03-12,loja online,21
2017-03-19,loja online,22
2017-03-26,loja online,22
2017-04-02,loja online,21
2017-04-09,loja online,21
2017-04-16,loja online,22
2017-04-23,loja online,22
2017-04-30,loja online,22
2017-05-07,loja online,22
2017-05-14,loja online,21
2017-05-21,loja online,21
2017-05-28,loja online,23
2017-06-04,loja online,22
2017-06-11,loja online,21
2017-06-18,loja online,20
2017-06-25,loja online,20
2017-07-02,loja online,21
2017-07-09,loja online,21
2017-07-16,loja online,21
2017-07-23,loja online,22
2017-07-30,loja online,21
2017-08-06,loja online,19
2017-08-13,loja online,20
2017-08-20,loja online,21
2017-08-27,loja online,20
2017-09-03,loja online,20
2017-09-10,loja online,20
2017-09-17,loja online,19
2017-09-24,loja online,20
2017-10-01,loja online,21
2017-10-08,loja online,20
2017-10-15,loja online,21
2017-10-22,loja online,21
2017-10-29,loja online,20
2017-11-05,loja online,24
2017-11-12,loja online,24
2017-11-19,loja online,27
2017-11-26,loja online,23
2017-12-03,loja online,24
2017-12-10,loja online,28
2017-12-17,loja online,23
2017-12-24,loja online,21
2017-12-31,loja online,20
2018-01-07,loja online,22
2018-01-14,loja online,21
2018-01-21,loja online,21
2018-01-28,loja online,21
2018-02-04,loja online,19
2018-02-11,loja online,20
2018-02-18,loja online,20
2018-02-25,loja online,19
2018-03-04,loja online,20
2018-03-11,loja online,21
2018-03-18,loja online,20
2018-03-25,loja online,20
2018-04-01,loja online,19
2018-04-08,loja online,18
2018-04-15,loja online,20
2018-04-22,loja online,19
2018-04-29,loja online,21
2018-05-06,loja online,20
2018-05-13,loja online,20
2018-05-20,loja online,18
2018-05-27,loja online,19
2018-06-03,loja online,20
2018-06-10,loja online,18
2018-06-17,loja online,19
2018-06-24,loja online,17
2018-07-01,loja online,18
2018-07-08,loja online,18
2018-07-15,loja online,20
2018-07-22,loja online,20
2018-07-29,loja online,19
2018-08-05,loja online,20
2018-08-12,loja online,19
2018-08-19,loja online,18
2018-08-26,loja online,18
2018-09-02,loja online,18
2018-09-09,loja online,18
2018-09-16,loja online,19
2018-09-23,loja online,17
2018-09-30,loja online,17
2018-10-07,loja online,15
2018-10-14,loja online,18
2018-10-21,loja online,17
2018-10-28,loja online,18
2018-11-04,loja online,20
2018-11-11,loja online,20
2018-11-18,loja online,28
2018-11-25,loja online,22
2018-12-02,loja online,22
2018-12-09,loja online,21
2018-12-16,loja online,20
2018-12-23,loja online,17
2018-12-30,loja online,18
2015-12-27,desconto online,1
2016-01-03,desconto online,1
2016-01-10,desconto online,1
2016-01-17,desconto online,1
2016-01-24,desconto online,1
2016-01-31,desconto online,1
2016-02-07,desconto online,1
2016-02-14,desconto online,1
2016-02-21,desconto online,1
2016-02-28,desconto online,1
2016-03-06,desconto online,1
2016-03-13,desconto online,1
2016-03-20,desconto online,1
2016-03-27,desconto online,1
2016-04-03,desconto online,1
2016-04-10,desconto online,1
2016-04-17,desconto online,1
2016-04-24,desconto online,1
2016-05-01,desconto online,1
2016-05-08,desconto online,1
2016-05-15,desconto online,1
2016-05-22,desconto online,1
2016-05-29,desconto online,1
2016-06-05,desconto online,1
2016-06-12,desconto online,1
2016-06-19,desconto online,1
2016-06-26,desconto online,1
2016-07-03,desconto online,1
2016-07-10,desconto online,1
2016-07-17,desconto online,1
2016-07-24,desconto online,1
2016-07-31,desconto online,1
2016-08-07,desconto online,1
2016-08-14,desconto online,1
2016-08-21,desconto online,1
2016-08-28,desconto online,1
2016-09-04,desconto online,1
2016-09-11,desconto online,1
2016-09-18,desconto online,0
2016-09-25,desconto online,1
2016-10-02,desconto online,1
2016-10-09,desconto online,1
2016-10-16,desconto online,1
2016-10-23,desconto online,1
2016-10-30,desconto online,1
2016-11-06,desconto online,1
2016-11-13,desconto online,1
2016-11-20,desconto online,1
2016-11-27,desconto online,1
2016-12-04,desconto online,1
2016-12-11,desconto online,1
2016-12-18,desconto online,1
2016-12-25,desconto online,1
2017-01-01,desconto online,1
2017-01-08,desconto online,1
2017-01-15,desconto online,1
2017-01-22,desconto online,1
2017-01-29,desconto online,1
2017-02-05,desconto online,1
2017-02-12,desconto online,1
2017-02-19,desconto online,1
2017-02-26,desconto online,1
2017-03-05,desconto online,1
2017-03-12,desconto online,1
2017-03-19,desconto online,1
2017-03-26,desconto online,1
2017-04-02,desconto online,1
2017-04-09,desconto online,1
2017-04-16,desconto online,1
2017-04-23,desconto online,1
2017-04-30,desconto online,1
2017-05-07,desconto online,1
2017-05-14,desconto online,1
2017-05-21,desconto online,1
2017-05-28,desconto online,1
2017-06-04,desconto online,1
2017-06-11,desconto online,1
2017-06-18,desconto online,1
2017-06-25,desconto online,1
2017-07-02,desconto online,1
2017-07-09,desconto online,1
2017-07-16,desconto online,1
2017-07-23,desconto online,1
2017-07-30,desconto online,1
2017-08-06,desconto online,1
2017-08-13,desconto online,1
2017-08-20,desconto online,1
2017-08-27,desconto online,1
2017-09-03,desconto online,1
2017-09-10,desconto online,1
2017-09-17,desconto online,1
2017-09-24,desconto online,1
2017-10-01,desconto online,1
2017-10-08,desconto online,1
2017-10-15,desconto online,1
2017-10-22,desconto online,1
2017-10-29,desconto online,1
2017-11-05,desconto online,1
2017-11-12,desconto online,1
2017-11-19,desconto online,1
2017-11-26,desconto online,1
2017-12-03,desconto online,1
2017-12-10,desconto online,1
2017-12-17,desconto online,1
2017-12-24,desconto online,1
2017-12-31,desconto online,1
2018-01-07,desconto online,1
2018-01-14,desconto online,1
2018-01-21,desconto online,1
2018-01-28,desconto online,1
2018-02-04,desconto online,1
2018-02-11,desconto online,1
2018-02-18,desconto online,1
2018-02-25,desconto online,1
2018-03-04,desconto online,1
2018-03-11,desconto online,1
2018-03-18,desconto online,1
2018-03-25,desconto online,1
2018-04-01,desconto online,1
2018-04-08,desconto online,1
2018-04-15,desconto online,1
2018-04-22,desconto online,1
2018-04-29,desconto online,1
2018-05-06,desconto online,1
2018-05-13,desconto online,1
2018-05-20,desconto online,1
2018-05-27,desconto online,1
2018-06-03,desconto online,1
2018-06-10,desconto online,1
2018-06-17,desconto online,1
2018-06-24,desconto online,1
2018-07-01,desconto online,1
2018-07-08,desconto online,1
2018-07-15,desconto online,1
2018-07-22,desconto online,1
2018-07-29,desconto online,1
2018-08-05,desconto online,1
2018-08-12,desconto online,1
2018-08-19,desconto online,1
2018-08-26,desconto online,1
2018-09-02,desconto online,1
2018-09-09,desconto online,1
2018-09-16,desconto online,1
2018-09-23,desconto online,1
2018-09-30,desconto online,1
2018-10-07,desconto online,1
2018-10-14,desconto online,1
2018-10-21,desconto online,1
2018-10-28,desconto online,1
2018-11-04,desconto online,1
2018-11-11,desconto online,1
2018-11-18,desconto online,1
2018-11-25,desconto online,1
2018-12-02,desconto online,1
2018-12-09,desconto online,1
2018-12-16,desconto online,1
2018-12-23,desconto online,1
2018-12-30,desconto online,1
2015-12-27,cupom desconto,33
2016-01-03,cupom desconto,32
2016-01-10,cupom desconto,29
2016-01-17,cupom desconto,30
2016-01-24,cupom desconto,28
2016-01-31,cupom desconto,30
2016-02-07,cupom desconto,30
2016-02-14,cupom desconto,29
2016-02-21,cupom desconto,28
2016-02-28,cupom desconto,28
2016-03-06,cupom desconto,30
2016-03-13,cupom desconto,29
2016-03-20,cupom desconto,28
2016-03-27,cupom desconto,28
2016-04-03,cupom desconto,30
2016-04-10,cupom desconto,28
2016-04-17,cupom desconto,25
2016-04-24,cupom desconto,30
2016-05-01,cupom desconto,32
2016-05-08,cupom desconto,30
2016-05-15,cupom desconto,32
2016-05-22,cupom desconto,28
2016-05-29,cupom desconto,30
2016-06-05,cupom desconto,34
2016-06-12,cupom desconto,30
2016-06-19,cupom desconto,31
2016-06-26,cupom desconto,30
2016-07-03,cupom desconto,31
2016-07-10,cupom desconto,31
2016-07-17,cupom desconto,33
2016-07-24,cupom desconto,32
2016-07-31,cupom desconto,32
2016-08-07,cupom desconto,29
2016-08-14,cupom desconto,29
2016-08-21,cupom desconto,30
2016-08-28,cupom desconto,28
2016-09-04,cupom desconto,30
2016-09-11,cupom desconto,30
2016-09-18,cupom desconto,31
2016-09-25,cupom desconto,30
2016-10-02,cupom desconto,28
2016-10-09,cupom desconto,31
2016-10-16,cupom desconto,31
2016-10-23,cupom desconto,29
2016-10-30,cupom desconto,34
2016-11-06,cupom desconto,35
2016-11-13,cupom desconto,39
2016-11-20,cupom desconto,69
2016-11-27,cupom desconto,40
2016-12-04,cupom desconto,34
2016-12-11,cupom desconto,36
2016-12-18,cupom desconto,33
2016-12-25,cupom desconto,35
2017-01-01,cupom desconto,38
2017-01-08,cupom desconto,34
2017-01-15,cupom desconto,37
2017-01-22,cupom desconto,34
2017-01-29,cupom desconto,33
2017-02-05,cupom desconto,36
2017-02-12,cupom desconto,31
2017-02-19,cupom desconto,29
2017-02-26,cupom desconto,39
2017-03-05,cupom desconto,34
2017-03-12,cupom desconto,35
2017-03-19,cupom desconto,31
2017-03-26,cupom desconto,31
2017-04-02,cupom desconto,32
2017-04-09,cupom desconto,32
2017-04-16,cupom desconto,32
2017-04-23,cupom desconto,32
2017-04-30,cupom desconto,37
2017-05-07,cupom desconto,34
2017-05-14,cupom desconto,32
2017-05-21,cupom desconto,31
2017-05-28,cupom desconto,35
2017-06-04,cupom desconto,34
2017-06-11,cupom desconto,35
2017-06-18,cupom desconto,34
2017-06-25,cupom desconto,34
2017-07-02,cupom desconto,35
2017-07-09,cupom desconto,38
2017-07-16,cupom desconto,35
2017-07-23,cupom desconto,34
2017-07-30,cupom desconto,35
2017-08-06,cupom desconto,33
2017-08-13,cupom desconto,35
2017-08-20,cupom desconto,33
2017-08-27,cupom desconto,34
2017-09-03,cupom desconto,35
2017-09-10,cupom desconto,36
2017-09-17,cupom desconto,32
2017-09-24,cupom desconto,33
2017-10-01,cupom desconto,35
2017-10-08,cupom desconto,38
2017-10-15,cupom desconto,36
2017-10-22,cupom desconto,33
2017-10-29,cupom desconto,32
2017-11-05,cupom desconto,39
2017-11-12,cupom desconto,37
2017-11-19,cupom desconto,77
2017-11-26,cupom desconto,51
2017-12-03,cupom desconto,40
2017-12-10,cupom desconto,40
2017-12-17,cupom desconto,38
2017-12-24,cupom desconto,36
2017-12-31,cupom desconto,41
2018-01-07,cupom desconto,39
2018-01-14,cupom desconto,37
2018-01-21,cupom desconto,33
2018-01-28,cupom desconto,35
2018-02-04,cupom desconto,36
2018-02-11,cupom desconto,36
2018-02-18,cupom desconto,32
2018-02-25,cupom desconto,34
2018-03-04,cupom desconto,36
2018-03-11,cupom desconto,36
2018-03-18,cupom desconto,33
2018-03-25,cupom desconto,33
2018-04-01,cupom desconto,34
2018-04-08,cupom desconto,33
2018-04-15,cupom desconto,32
2018-04-22,cupom desconto,35
2018-04-29,cupom desconto,40
2018-05-06,cupom desconto,40
2018-05-13,cupom desconto,38
2018-05-20,cupom desconto,34
2018-05-27,cupom desconto,34
2018-06-03,cupom desconto,38
2018-06-10,cupom desconto,35
2018-06-17,cupom desconto,37
2018-06-24,cupom desconto,38
2018-07-01,cupom desconto,43
2018-07-08,cupom desconto,43
2018-07-15,cupom desconto,40
2018-07-22,cupom desconto,41
2018-07-29,cupom desconto,42
2018-08-05,cupom desconto,41
2018-08-12,cupom desconto,38
2018-08-19,cupom desconto,38
2018-08-26,cupom desconto,36
2018-09-02,cupom desconto,39
2018-09-09,cupom desconto,40
2018-09-16,cupom desconto,39
2018-09-23,cupom desconto,38
2018-09-30,cupom desconto,38
2018-10-07,cupom desconto,37
2018-10-14,cupom desconto,43
2018-10-21,cupom desconto,38
2018-10-28,cupom desconto,42
2018-11-04,cupom desconto,49
2018-11-11,cupom desconto,51
2018-11-18,cupom desconto,100
2018-11-25,cupom desconto,65
2018-12-02,cupom desconto,59
2018-12-09,cupom desconto,53
2018-12-16,cupom desconto,50
2018-12-23,cupom desconto,43
2018-12-30,cupom desconto,45
