CustomerID,Channel,Region,Fresh,Milk,Grocery,Frozen,Detergents_Paper,Delicassen,ClusterID,PC1,PC2,PC3
1,2,3,12669,9656,7561,214,2674,1338,1,1.3803827863658054,-0.3047268326009815,-0.24106170473521715
2,2,3,7057,9810,9568,1762,3293,1776,1,1.4388696446330922,0.5374682256112266,0.08423230340166098
3,2,3,6353,8808,7684,2405,3516,7844,1,1.513452555643775,1.2325645334065776,0.9853059356198784
4,1,3,13265,1196,4221,6404,507,1788,2,-0.8251053991359077,1.2107896181052393,0.252140609520749
5,2,3,22615,5410,7198,3915,1777,5185,1,0.8028971082483898,1.7660459621182896,0.31269799997240233
6,2,3,9413,8259,5126,666,1795,1451,1,0.8861654648503081,0.12989417893346547,0.018949775477402623
7,2,3,12126,3199,6975,480,3140,545,0,0.6032560203667763,-0.4615481240386488,-0.6731222244446744
8,2,3,7579,4956,9426,1669,3321,2566,1,1.1526487141521784,0.6076761527297413,0.3081279517863712
9,1,3,5963,3648,6192,425,1716,750,0,0.5300120664774199,-0.6301380623446863,-0.10707160633844624
10,2,3,6006,11093,18881,1159,7425,2098,1,2.196865574517631,0.32604951029549245,0.0699428417746401
11,2,3,3366,5403,12974,4400,5977,1744,1,1.4396377890823082,0.5542031070288206,0.31561517273512674
12,2,3,13146,1124,4523,1420,549,497,0,-0.8444768181721618,-0.022084171542164768,-0.4509863573279228
13,2,3,31714,12319,11757,287,3881,2931,1,1.8828558831190854,0.5323381981943757,-0.31810534471327867
14,2,3,21217,6208,14982,3095,6707,602,1,1.350289034764369,0.7078407147561546,-1.117364639136735
15,2,3,24653,9465,12091,294,5058,2168,1,1.81571213443845,0.27500093755032207,-0.39455721039273406
16,1,3,10253,1114,3821,397,964,412,0,-0.6306354677133041,-0.8084564410591987,-0.4717352888566682
17,2,3,1020,8816,12121,134,4508,1080,3,1.940972379386704,-1.6543031290006278,0.6313955960397206
18,1,3,5876,6157,2933,839,370,4478,2,0.13858865935286158,0.5408411511000459,1.1246129715477904
19,2,3,18601,6327,10099,2205,2767,3181,1,1.1933295569349185,1.2220421581153982,0.029717863012763412
20,1,3,7780,2495,9464,669,2518,501,0,0.5464702992559825,-0.5447134562474508,-0.5265191093000757
21,2,3,17546,4519,4602,1066,2259,2124,1,0.56982990463833,0.6695072828470078,-0.0187047454375737
22,1,3,5567,871,2010,3383,375,569,0,-1.5219215961763006,0.07627678891259562,0.14379849824908258
23,1,3,31276,1917,4469,9408,2381,4334,2,-0.016572934822420466,2.089245550523611,0.15012586964131092
24,2,3,26373,36423,22019,5154,4337,16523,1,2.775683064778793,2.6216729357493844,0.5238532408396016
25,2,3,22647,9776,13792,2915,4482,5778,1,1.7826587727362113,1.7063200694547365,0.1512901415911274
26,2,3,16165,4230,7595,201,4003,57,0,0.5664784057970234,-1.641226428955329,-2.1015315875674734
27,1,3,9898,961,2861,3151,242,833,2,-1.4021222570815395,0.45925884591357585,0.11024962049523743
28,1,3,14276,803,3045,485,100,518,0,-1.6468867167937247,-0.43522350825721146,-0.17747302600254478
29,2,3,4113,20484,25957,1158,8604,5206,1,2.8943128764976023,0.6138545610827266,0.6480255615873207
30,1,3,43088,2100,2609,1200,1107,823,2,-0.5712825184865797,0.6347323202138904,-0.7404683303274997
31,1,3,18815,3610,11107,1148,2134,2963,1,0.9343577339784327,0.8382841822186747,0.0528330436021655
32,1,3,2612,4339,3133,2088,820,985,0,-0.03830503577552033,-0.062301197042172775,0.5350981994370053
33,1,3,21632,1318,2886,266,918,405,0,-0.7197049307340074,-0.675141350289601,-0.7718420352894606
34,1,3,29729,4786,7326,6130,361,1083,2,-0.09045573572336643,1.4913825318169933,-0.5011676367044706
35,1,3,1502,1979,2262,425,483,395,0,-0.7111058902038457,-1.464051852606565,0.4439513470551669
36,2,3,688,5491,11091,833,4239,436,3,1.3193478630695072,-1.4003073405670303,0.31371594570766076
37,1,3,29955,4362,5428,1729,862,4626,2,0.36532437215114427,1.460874928978773,0.27278000253850476
38,2,3,15168,10556,12477,1920,6506,714,1,1.6167162506278363,0.49056518738331384,-0.8783075604393247
39,2,3,4591,15729,16709,33,6956,433,3,2.4262454868568937,-2.007789557634491,-0.6419523487114586
40,1,3,56159,555,902,10002,212,2916,2,-2.3548141182509585,2.146169658657221,0.23032758991572835
41,1,3,24025,4332,4757,9510,1145,5864,2,0.2569922421132887,2.2425467183658903,0.4570405381477273
42,1,3,19176,3065,5956,2033,2575,2802,2,0.5198432322952887,1.0613722477620864,0.06777911834482234
43,2,3,10850,7555,14961,188,6899,46,3,1.3830941762193198,-1.872997410794478,-2.2295970347869156
44,2,3,630,11095,23998,787,9529,72,3,2.046595955892263,-2.146594711795686,-0.8879205685443416
45,2,3,9670,7027,10471,541,4618,65,3,0.9847356616137122,-1.2852063524146293,-1.9114277221601197
46,2,3,5181,22044,21531,1740,7353,4985,1,2.716748078104957,0.8927684012873021,0.5522395297984021
47,2,3,3103,14069,21955,1668,6792,1452,1,2.3122550505828827,0.10961376954129029,0.12077420919561423
48,2,3,44466,54259,55571,7782,24171,6465,1,3.76886580396033,2.6096455802041043,-0.5767149650690596
49,2,3,11519,6152,10868,584,5121,1476,1,1.4654025954921037,0.07399152305820299,-0.24979087910155143
50,2,3,4967,21412,28921,1798,13583,1163,1,2.8099854447188912,0.2637815300738722,-0.35257840915112054
51,1,3,6269,1095,1980,3860,609,2162,2,-1.0601692009648778,0.7397865367302299,0.7689877216868904
52,1,3,3347,4051,6996,239,1538,301,3,0.5621876238123642,-1.483246966148803,-0.3671221208436828
53,2,3,40721,3916,5876,532,2587,1278,1,0.5975473250532486,0.4554417056742597,-0.6944728096964746
54,2,3,491,10473,11532,744,5611,224,3,1.680320928263963,-1.792186631589758,0.0076928909179454705
55,1,3,27329,1449,1947,2436,204,1333,2,-1.4159442548176522,1.0010847697296126,-0.025632481451153086
56,1,3,5264,3683,5005,1057,2024,1130,0,0.45738458424193895,-0.09788164229993163,0.16786603288869067
57,2,3,4098,29892,26866,2616,17740,1340,1,3.022665358068743,0.44758025452992434,-0.24062558213557664
58,2,3,5417,9933,10487,38,7572,1282,3,2.136169310175508,-1.4913257720268622,-0.02977876973352656
59,1,3,13779,1970,1648,596,227,436,0,-1.2978096544119124,-0.3454111932730798,-0.34470379935991524
60,1,3,6137,5360,8040,129,3084,1603,3,1.2983613908278255,-0.8323778187167261,0.20038443184662633
61,2,3,8590,3045,7854,96,4095,225,3,0.7759495169384758,-1.7170177130317765,-1.0341332209261853
62,2,3,35942,38369,59598,3254,26701,2017,1,3.5787938021463632,1.5979068183956775,-1.120377708052326
63,2,3,7823,6245,6544,4154,4074,964,1,0.8840666716247356,0.6609199722937249,-0.26633831663338015
64,2,3,9396,11601,15775,2896,7677,1295,1,1.9269682042364744,0.7347862776710266,-0.39633800352437537
65,1,3,4760,1227,3250,3724,1247,1145,2,-0.5990409337379207,0.3338785241352635,0.3816092612330306
66,2,3,85,20959,45828,36,24231,1423,3,3.9652466111156293,-3.1018514615552655,1.4696181438683495
67,1,3,9,1534,7417,175,3468,27,3,0.42195643798487,-5.091318627636231,0.7969899487039032
68,2,3,19913,6759,13462,1256,5141,834,1,1.4078587577119077,0.42270115935797303,-0.8538129683973337
69,1,3,2446,7260,3993,5870,788,3095,2,0.41552924788080914,0.920264891229697,1.1299705332742054
70,1,3,8352,2820,1293,779,656,144,0,-1.077153314082821,-0.8743296530196809,-0.870107819400215
71,1,3,16705,2037,3202,10643,116,1365,2,-1.2893867055799348,1.5546303188319566,0.16020437257337408
72,1,3,18291,1266,21042,5373,4173,14472,1,1.0521840135280227,2.027709916791186,0.8470816572972368
73,1,3,4420,5139,2661,8872,1321,181,0,-0.35753328971502024,0.12426213529256241,-0.7148500609337475
74,2,3,19899,5332,8713,8132,764,648,2,0.2075352055862943,1.2312094026578937,-0.734939131923763
75,2,3,8190,6343,9794,1285,1901,1780,1,1.0784129252504928,0.4218800202097184,0.11700899245193884
76,1,3,20398,1137,3,4407,3,975,4,-6.08709266421151,1.193868184060438,1.1360210521758334
77,1,3,717,3587,6532,7530,529,894,0,0.041427163195453184,-0.03959421632744637,0.9978114795358457
78,2,3,12205,12697,28540,869,12034,1009,1,2.491861854147293,0.17296903426324764,-0.760295413563605
79,1,3,10766,1175,2067,2096,301,167,0,-1.6263635840219068,-0.33432940647110454,-0.8200517142776693
80,1,3,1640,3259,3655,868,1202,1653,0,0.23405936084831241,-0.4930040787709168,0.9992056568257194
81,1,3,7005,829,3009,430,610,529,0,-0.9891553826731739,-0.8387164708149788,-0.06482680834229212
82,2,3,219,9540,14403,283,7818,156,3,1.9566382220615826,-2.733830097085282,0.11276794324256001
83,2,3,10362,9232,11009,737,3537,2342,1,1.6157633977016277,0.39293795184642455,0.0657340693223936
84,1,3,20874,1563,1783,2320,550,772,2,-1.1703377785626228,0.6153423267394442,-0.32427520370176743
85,2,3,11867,3327,4814,1178,3837,120,0,0.15170867899654245,-0.6767441910442362,-1.5068564559877498
86,2,3,16117,46197,92780,1026,40827,2944,1,4.28125279564807,0.9022215129446691,-0.6551442271510872
87,2,3,22925,73498,32114,987,20070,903,1,3.5224418560408166,0.633794434113125,-1.2928626909481995
88,1,3,43265,5025,8117,6312,1579,14351,1,0.8605756836169157,2.65933336875754,0.5987679824720549
89,1,3,7864,542,4042,9735,165,46,4,-2.2167653105838045,-0.34953685619271796,-1.3823665576990025
90,1,3,24904,3836,5330,3443,454,3178,2,-0.038225538581975534,1.5607003249369875,0.21662540727846577
91,1,3,11405,596,1638,3347,69,360,4,-2.4856857273141295,0.19637313634890777,-0.1780634778011255
92,1,3,12754,2762,2530,8693,627,1117,2,-0.7079216240455144,1.2398160330760373,-0.02037763858708476
93,2,3,9198,27472,32034,3232,18906,5130,1,3.2333110817370176,1.406147979778763,0.13517265978210935
94,1,3,11314,3090,2062,35009,71,2698,2,-1.4504310129591744,2.2994207151154424,0.7739781173560418
95,2,3,5626,12220,11323,206,5038,244,3,1.6911485219569669,-1.3442410377109086,-0.9799951381531826
96,1,3,3,2920,6252,440,223,709,3,0.2769161446015873,-3.5169127978163597,3.294293898315893
97,2,3,23,2616,8118,145,3874,217,3,1.0701190764288266,-3.923316585764201,1.511987171028051
98,1,3,403,254,610,774,54,63,4,-3.3888659858173216,-2.6191963911131952,0.5331154050013004
99,1,3,503,112,778,895,56,132,4,-3.57132912326272,-2.2664856672966236,0.8676355734987156
100,1,3,9658,2182,1909,5639,215,323,2,-1.4543508415727564,0.43755409556948555,-0.41355993964274673
101,2,3,11594,7779,12144,3252,8035,3029,1,1.719627471295082,1.171172771016761,0.04082060888077609
102,2,3,1420,10810,16267,1593,6766,1838,1,2.124330833067575,-0.1596955808390741,0.6485346464969357
103,2,3,2932,6459,7677,2561,4573,1386,1,1.2029975800626997,0.19117350823370433,0.3377312599337784
104,1,3,56082,3504,8906,18028,1480,2498,2,0.28469000454942606,2.48796457253756,-0.4928010570429493
105,1,3,14100,2132,3445,1336,1491,548,0,-0.32361262662654533,0.056779361944995776,-0.5532588526425526
106,1,3,15587,1014,3970,910,139,1378,2,-1.1998229116739243,0.30401269743160275,0.23711196624129996
107,2,3,1454,6337,10704,133,6830,1831,3,1.908032613504807,-1.3562756713439859,0.7626350207264126
108,2,3,8797,10646,14886,2471,8969,1438,1,1.943282133473203,0.6614344968061332,-0.31156964011996674
109,2,3,1531,8397,6981,247,2505,1236,3,1.3709235280726686,-1.1345931297117886,0.6586212475912527
110,2,3,1406,16729,28986,673,836,3,3,1.04320496851592,-2.936762835932479,-2.6328872505751955
111,1,3,11818,1648,1694,2276,169,1647,2,-1.3808547570062801,0.743911382825155,0.4890579099396459
112,2,3,12579,11114,17569,805,6457,1519,1,2.048405838600744,0.32946334638633923,-0.40239179141171505
113,1,3,19046,2770,2469,8853,483,2708,2,-0.6868512146193554,1.7835896371607203,0.33523395469898537
114,1,3,14438,2295,1733,3220,585,1561,2,-0.8643728712488852,0.9514695538720992,0.19611200128281525
115,1,3,18044,1080,2000,2555,118,1266,2,-1.7090096912686357,0.8213379739955825,0.20572382421088414
116,1,3,11134,793,2988,2715,276,610,2,-1.4780008292563036,0.2810913193876198,-0.1207763705981643
117,1,3,11173,2521,3355,1517,310,222,0,-0.9052244230310537,-0.2618922873515908,-0.7853416832388896
118,1,3,6990,3880,5380,1647,319,1160,2,-0.13792334061979722,0.31350323163003574,0.25515701287337
119,1,3,20049,1891,2362,5343,411,933,2,-1.079292843409045,1.0949041871713003,-0.2269685706734578
120,1,3,8258,2344,2147,3896,266,635,2,-1.1266331871244066,0.480341113256786,-0.0040272575873098885
121,1,3,17160,1200,3412,2417,174,1136,2,-1.2653107581836596,0.7253925038095231,0.05130864401184265
122,1,3,4020,3234,1498,2395,264,255,0,-1.1996117720961927,-0.3643615138504759,-0.17184073049532136
123,1,3,12212,201,245,1991,25,860,4,-4.130430782793031,0.2586015610089462,0.7066096609268154
124,2,3,11170,10769,8814,2194,1976,143,1,0.8053769475989168,-0.1744414002793344,-1.4682175247914084
125,1,3,36050,1642,2961,4787,500,1621,2,-0.9094487019129207,1.4797746460099843,-0.21080460923623956
126,1,3,76237,3473,7102,16538,778,918,2,-0.2221417824087685,2.188122334110539,-1.0843277609658377
127,1,3,19219,1840,1658,8195,349,483,2,-1.4797962811910723,1.0105517417569772,-0.5216439842017516
128,2,3,21465,7243,10685,880,2386,2749,1,1.3069178918289701,0.819472490532239,-0.09813245392697421
129,1,3,140,8847,3823,142,1062,3,3,0.08945194567651267,-4.653280666588693,-1.3468760713290235
130,1,3,42312,926,1510,1718,410,1819,2,-1.4893435296503221,1.0607654855480138,-0.055859128126798
131,1,3,7149,2428,699,6316,395,911,2,-1.5408376574484268,0.786485736405269,0.3394955237588633
132,1,3,2101,589,314,346,70,310,4,-2.995361328464714,-1.5820685716637586,0.7092119637179106
133,1,3,14903,2032,2479,576,955,328,0,-0.6590177836442155,-0.50375563004133,-0.7564141670888257
134,1,3,9434,1042,1235,436,256,396,0,-1.682542183137586,-0.7625538281346512,-0.16451791953326791
135,1,3,7388,1882,2174,720,47,537,0,-1.6218784598350884,-0.3661225778161338,0.1922978321330597
136,1,3,6300,1289,2591,1170,199,326,0,-1.384866620351596,-0.5176021645243701,-0.18817854445661544
137,1,3,4625,8579,7030,4575,2447,1542,1,1.0212625627586907,0.7465101513741328,0.25389571158820246
138,1,3,3087,8080,8282,661,721,36,0,0.29992809535048615,-1.793837286762961,-1.507401936805609
139,1,3,13537,4257,5034,155,249,3271,0,0.17333082048486742,-0.05987416859692193,0.6191388487923998
140,1,3,5387,4979,3343,825,637,929,0,0.021249304162123603,-0.19575233993331845,0.21480114844822557
141,1,3,17623,4280,7305,2279,960,2616,2,0.45702979371649693,1.1328053428630105,0.1320063679136507
142,1,3,30379,13252,5189,321,51,1450,2,-0.01783368322200112,0.4700925206409536,-0.09931709803273406
143,1,3,37036,7152,8253,2995,20,3,0,-1.6136638180208744,-0.8805198735402147,-3.4420340998691037
144,1,3,10405,1596,1096,8425,399,318,2,-1.7492754188153647,0.5848480487251512,-0.445456114838129
145,1,3,18827,3677,1988,118,516,201,0,-0.600585244519923,-1.23739282841849,-1.0482857909624155
146,2,3,22039,8384,34792,42,12591,4430,1,2.9268208030806626,-0.42235568936457374,-0.13769217104436524
147,1,3,7769,1936,2177,926,73,520,0,-1.5033758070462053,-0.25780428873394234,0.0955335681975261
148,1,3,9203,3373,2707,1286,1082,526,0,-0.29269025845679947,-0.07799678249829578,-0.35477417975117714
149,1,3,5924,584,542,4052,283,434,4,-2.5556145027758026,0.04277328744321972,0.17912785174260268
150,1,3,31812,1433,1651,800,113,1440,2,-1.5738224569977277,0.6050912845396601,0.05911328907009457
151,1,3,16225,1825,1765,853,170,1067,2,-1.2956744147977315,0.2537793614268348,0.11097868268080986
152,1,3,1289,3328,2022,531,255,1774,0,-0.4772002747971006,-0.716970104850105,1.4022316692767667
153,1,3,18840,1371,3135,3001,352,184,0,-1.3470217871074412,0.10568370307863413,-1.0941927307224193
154,1,3,3463,9250,2368,779,302,1627,0,0.04560394768880497,-0.06114439137960617,0.8088751485217643
155,1,3,622,55,137,75,7,8,4,-5.644452037992015,-4.418146790651514,-0.21201255700020372
156,2,3,1989,10690,19460,233,11577,2153,3,2.5929070915481915,-0.8678516495645798,0.5389683462857828
157,2,3,3830,5291,14855,317,6694,3182,1,1.908814126076829,-0.3656698431608374,0.6125550865416438
158,1,3,17773,1366,2474,3378,811,418,2,-1.074976486187507,0.43821672436238857,-0.6800433225865254
159,2,3,2861,6570,9618,930,4004,1682,1,1.4276091217788685,-0.19917855603876142,0.46113366509946424
160,2,3,355,7704,14682,398,8077,303,3,1.9081800019102222,-2.140591999060637,0.27737421941630974
161,2,3,1725,3651,12822,824,4424,2157,1,1.4031308329024688,-0.4341038224252925,0.8169056198584675
162,1,3,12434,540,283,1092,3,2233,4,-3.943556036175314,0.5785637942680523,1.3787338332414247
163,1,3,15177,2024,3810,2665,232,610,2,-0.9585234957218648,0.5182194544501731,-0.32816613047956533
164,2,3,5531,15726,26870,2367,13726,446,1,2.424328685988737,0.003055503774929205,-0.913080295119497
165,2,3,5224,7603,8584,2540,3674,238,1,0.9395492149482665,-0.27307583655054324,-0.9006205741542205
166,2,3,15615,12653,19858,4425,7108,2379,1,2.083038407448701,1.3960676056891388,-0.3074965677332024
167,2,3,4822,6721,9170,993,4973,3637,1,1.567815619388794,0.350888923888377,0.6448592191715588
168,1,3,2926,3195,3268,405,1680,693,0,0.17078693793207156,-0.9828421472034863,0.24751158785685504
169,1,3,5809,735,803,1393,79,429,4,-2.5323392696406293,-0.3826561686867579,0.2840605462743501
170,1,3,5414,717,2155,2399,69,750,4,-2.0410577126318805,0.06534081920357393,0.5179076579476447
171,2,3,260,8675,13430,1116,7015,323,3,1.7984244335912924,-1.7441231803779185,0.45037829741262086
172,2,3,200,25862,19816,651,8773,6250,3,3.187350941675165,-0.7601388520982586,2.088839118624386
173,1,3,955,5479,6536,333,2840,707,3,1.0721337623520313,-1.4732366760801863,0.5678262275408207
174,2,3,514,7677,19805,937,9836,716,3,2.147856321518832,-1.2567611113436437,0.5259171739330307
175,1,3,286,1208,5241,2515,153,1442,0,-0.7539443433231835,-0.7987853946744706,1.9286669407640706
176,2,3,2343,7845,11874,52,4196,1697,3,1.9647173554198192,-1.5770702133292338,0.5575767581519492
177,1,3,45640,6958,6536,7368,1532,230,2,0.19717312214773208,1.1011876392608144,-1.7400598452169207
178,1,3,12759,7330,4533,1752,20,2631,2,-0.6988178603850669,1.1115751608601787,0.7475420172453716
179,1,3,11002,7075,4945,1152,120,395,0,-0.36566234220903815,0.0048903458776917395,-0.4580404881384782
180,1,3,3157,4888,2500,4477,273,2165,2,-0.41357642980315124,0.7491179921232994,1.0294377897777809
181,1,3,12356,6036,8887,402,1382,2794,1,1.0710157652913246,0.2450795298094584,0.262699648198896
182,1,3,112151,29627,18148,16745,4948,8550,1,2.274984102435908,3.4460517005117213,-0.4741206339004287
183,1,3,694,8533,10518,443,6907,156,3,1.5683165622840862,-2.072684096784329,-0.33561151550835966
184,1,3,36847,43950,20170,36534,239,47943,1,1.8333966815061116,4.23854681566951,1.2803879452212679
185,1,3,327,918,4710,74,334,11,0,-1.1220612285046463,-4.392765176629825,-0.8220642114375574
186,1,3,8170,6448,1139,2181,58,247,0,-1.5243075210593136,0.013162474722549751,-0.3355061880160554
187,1,3,3009,521,854,3470,949,727,4,-1.8391378338241804,-0.15609633476476384,0.5780814198739777
188,1,3,2438,8002,9819,6269,3459,3,0,0.2935891434071057,-1.8324249161693154,-2.8948325537357142
189,2,3,8040,7639,11687,2758,6839,404,1,1.34883082632255,0.12759568042380726,-0.9032687814057564
190,2,3,834,11577,11522,275,4027,1856,3,2.042556230277207,-1.1453630933401073,1.0118581790455525
191,1,3,16936,6250,1981,7332,118,64,0,-1.434029703998135,0.27951437787947647,-1.5716356764565538
192,1,3,13624,295,1381,890,43,84,4,-3.185821719481081,-1.0012380506153191,-0.9236526961045182
193,1,3,5509,1461,2251,547,187,409,0,-1.285378318549032,-0.8098065194549809,0.025469551475153247
194,2,3,180,3485,20292,959,5618,666,3,1.6434848049256958,-1.7700998551654465,1.0565721612260326
195,1,3,7107,1012,2974,806,355,1142,0,-1.0103189758252555,-0.1818485967316736,0.4013019335893981
196,1,3,17023,5139,5230,7888,330,1755,2,-0.1641819890617811,1.595472445535593,0.054545207836673236
197,1,1,30624,7209,4897,18711,763,2876,2,0.18854948905177302,2.439066382141925,-0.05089180977718921
198,2,1,2427,7097,10391,1127,4314,1468,1,1.4987405737642328,-0.22662287519183474,0.42988249008177526
199,1,1,11686,2154,6824,3527,592,697,2,-0.31545464724658473,0.5627070117148687,-0.327574888921685
200,1,1,9670,2280,2112,520,402,347,0,-0.9108749811957935,-0.6507449597373373,-0.42255305055494463
201,2,1,3067,13240,23127,3941,9959,731,1,2.226416239854786,0.19603113472585987,-0.3204436184897803
202,2,1,4484,14399,24708,3549,14235,1681,1,2.539921471910662,0.6367340435242544,-0.07193379559634375
203,1,1,25203,11487,9490,5065,284,6854,2,0.7438719678215514,2.2098079965709045,0.5474259513808336
204,1,1,583,685,2216,469,954,18,0,-1.4818779856520385,-3.2026929402383395,-0.8573046902094958
205,1,1,1956,891,5226,1383,5,1328,4,-2.0415038669833723,-0.23916198460923807,1.4567871931140612
206,2,1,1107,11711,23596,955,9265,710,3,2.3725367303918725,-0.8899767925630514,0.14445905555712168
207,1,1,6373,780,950,878,288,285,4,-2.026550117678184,-0.7718912470346813,-0.15209857805124197
208,2,1,2541,4737,6089,2946,5316,120,0,0.5669482708799295,-0.8452848513274182,-0.9415167201842083
209,1,1,1537,3748,5838,1859,3381,806,0,0.6821892536444321,-0.4909081710496175,0.4250425943522704
210,2,1,5550,12729,16767,864,12420,797,1,2.247526954357722,-0.2412150162882304,-0.4895127753902839
211,1,1,18567,1895,1393,1801,244,2100,2,-1.2603770884378946,0.9203241743612283,0.4039667771757377
212,2,1,12119,28326,39694,4736,19410,2870,1,3.2102789003245795,1.4563839313991211,-0.3483985381749667
213,1,1,7291,1012,2062,1291,240,1775,2,-1.3039463163301934,0.24399755713388188,0.7195895836866332
214,1,1,3317,6602,6861,1329,3961,1215,1,1.149787752896865,-0.10595929851247342,0.2497219165352248
215,2,1,2362,6551,11364,913,5957,791,1,1.530725733572428,-0.6114651096837677,0.05504006351570897
216,1,1,2806,10765,15538,1374,5828,2388,1,2.0610797974235338,0.15903133249296042,0.5248426468547821
217,2,1,2532,16599,36486,179,13308,674,3,3.000857121482485,-1.3224330005960754,-0.3355677878093902
218,1,1,18044,1475,2046,2532,130,1158,2,-1.5236582448054343,0.814886285061436,0.12060573313744635
219,2,1,18,7504,15205,1285,4797,6372,3,2.333816229715856,-1.5132973506085405,3.3022313494279953
220,1,1,4155,367,1390,2306,86,130,4,-2.798874170770301,-0.8643432011967438,-0.27465647047173863
221,1,1,14755,899,1382,1765,56,749,4,-2.261339504183437,0.36502987395067615,0.14767914944042576
222,1,1,5396,7503,10646,91,4167,239,3,1.4400869328794172,-1.7948553521895785,-0.8971500625597845
223,1,1,5041,1115,2856,7496,256,375,2,-1.4875294415925833,0.27651454898837463,-0.0744788789490726
224,2,1,2790,2527,5265,5612,788,1360,2,-0.11323815853941771,0.4840396025234127,0.6503719190544697
225,1,1,7274,659,1499,784,70,659,4,-2.1877616876745227,-0.39278990146413645,0.3829065422288209
226,1,1,12680,3243,4157,660,761,786,0,-0.08972124574805829,-0.08414045216458699,-0.2656712454997444
227,2,1,20782,5921,9212,1759,2568,1553,1,0.9861032030065362,0.8640731444358144,-0.39326024254324665
228,1,1,4042,2204,1563,2286,263,689,0,-1.2024143529707296,-0.02427583357347298,0.4052098743337992
229,1,1,1869,577,572,950,4762,203,0,-1.5116076534103706,-1.517679482123217,-0.055412286579968786
230,1,1,8656,2746,2501,6845,694,980,2,-0.6522670797252444,0.9155222104950692,0.06878841421926493
231,2,1,11072,5989,5615,8321,955,2137,2,0.349011605090249,1.5024274699574935,0.208629955870629
232,1,1,2344,10678,3828,1439,1566,490,0,0.6577580831016858,-0.4800460112029779,0.03557012875635455
233,1,1,25962,1780,3838,638,284,834,0,-0.7870895655870547,0.17989712832833452,-0.37841869946049794
234,1,1,964,4984,3316,937,409,7,0,-0.8046251741068907,-2.7600847837331135,-1.6583494311513498
235,1,1,15603,2703,3833,4260,325,2563,2,-0.516338250368219,1.3551259389597392,0.3982704943556215
236,1,1,1838,6380,2824,1218,1216,295,0,0.11237611406329556,-0.9133586647175947,-0.03904648594939619
237,1,1,8635,820,3047,2312,415,225,0,-1.449523812025497,-0.3157311040272565,-0.618488443561653
238,1,1,18692,3838,593,4634,28,1215,2,-2.2261251547968435,1.3137169886208375,0.38180280751514184
239,1,1,7363,475,585,1112,72,216,4,-3.04984511612085,-0.7197651716142313,-0.12129884072108776
240,1,1,47493,2567,3779,5243,828,2253,2,-0.37209075248019413,1.800242946451242,-0.26603051417448426
241,1,1,22096,3575,7041,11422,343,2564,2,-0.17670513692032747,1.9783675766108653,0.13234060487747892
242,1,1,24929,1801,2475,2216,412,1047,2,-0.9806919073996748,0.8180828034504697,-0.245118755373311
243,1,1,18226,659,2914,3752,586,578,2,-1.4206661783804084,0.5522686468185014,-0.443052983643714
244,1,1,11210,3576,5119,561,1682,2398,1,0.5332703699634499,0.2267633278073689,0.29272333455419275
245,1,1,6202,7775,10817,1183,3143,1970,1,1.4395158848012004,0.3173591083517029,0.2118333554414895
246,2,1,3062,6154,13916,230,8933,2784,3,2.0724337729999514,-0.6506145724070663,0.6040141147153324
247,1,1,8885,2428,1777,1777,430,610,0,-0.9792177795535567,0.11730818826751609,-0.08109532799750946
248,1,1,13569,346,489,2077,44,659,4,-3.38322688678338,0.25169369081700654,0.32688291109160506
249,1,1,15671,5279,2406,559,562,572,0,-0.2739225929110818,-0.13017811081555739,-0.46567232723589164
250,1,1,8040,3795,2070,6340,918,291,2,-0.6845243830960563,0.382838111866518,-0.610771253720477
251,1,1,3191,1993,1799,1730,234,710,0,-1.1662275415953094,-0.24355041410195655,0.5331445319781988
252,2,1,6134,23133,33586,6746,18594,5121,1,3.115423612108136,1.5607699831312625,0.3063781067018417
253,1,1,6623,1860,4740,7683,205,1693,2,-0.8136732569308839,1.0843298081727717,0.5822895164276504
254,1,1,29526,7961,16966,432,363,1391,1,0.9266072585981124,0.4284657031028346,-0.4500149620126299
255,1,1,10379,17972,4748,4686,1547,3265,1,1.1069523133687145,1.5019380068704593,0.37321354963103937
256,1,1,31614,489,1495,3242,111,615,4,-2.4612933445172933,0.7672154660743932,-0.35161563806176965
257,1,1,11092,5008,5249,453,392,373,0,-0.03834454172038958,-0.5362810786644128,-0.5995396032707233
258,1,1,8475,1931,1883,5004,3593,987,2,-0.4088387659377719,0.6556550450356871,-0.04675502706433212
259,1,1,56083,4563,2124,6422,730,3321,2,-0.3895729978181869,2.198533781152203,-0.07917898405885726
260,1,1,53205,4959,7336,3012,967,818,2,0.23355993451007748,1.2466765368543542,-1.0178652592792086
261,1,1,9193,4885,2157,327,780,548,0,-0.17482426176423804,-0.6310123609985117,-0.2685056353543755
262,1,1,7858,1110,1094,6818,49,287,4,-2.577146247060142,0.3742086628311017,-0.10922200126432502
263,1,1,23257,1372,1677,982,429,655,0,-1.2897077891728428,0.1903176203845175,-0.40413900312345596
264,1,1,2153,1115,6684,4324,2894,411,0,-0.13369954494780353,-0.38600914580781565,-0.02877512608588622
265,2,1,1073,9679,15445,61,5980,1265,3,2.310120055702228,-1.9290744318792032,0.6425189877790664
266,1,1,5909,23527,13699,10155,830,3636,1,1.5619108187176893,1.7293514046550051,0.593197286085489
267,2,1,572,9763,22182,2221,4882,2563,1,2.212005351992212,-0.2360380713812885,1.2330643086146376
268,1,1,20893,1222,2576,3975,737,3628,2,-0.8118137284953693,1.4534957189344397,0.473884110441022
269,2,1,11908,8053,19847,1069,6374,698,1,1.789647572922711,0.07962340807999464,-0.8108830004731535
270,1,1,15218,258,1138,2516,333,204,4,-2.672513191259851,-0.21693237945154417,-0.6988137816827271
271,1,1,4720,1032,975,5500,197,56,4,-2.4382901478229515,-0.6592802872948624,-0.9360902328370331
272,1,1,2083,5007,1563,1120,147,1550,0,-0.7182099977953665,-0.16187289434738367,1.1723424548591241
273,1,1,514,8323,6869,529,93,1040,0,0.2671243214894976,-1.158492226340104,1.4099514766857948
274,1,3,36817,3045,1493,4802,210,1824,2,-1.2127054139375777,1.653454308640748,-0.012633740369774944
275,1,3,894,1703,1841,744,759,1153,0,-0.5925492008549383,-1.0124590127862123,1.2436727876442628
276,1,3,680,1610,223,862,96,379,4,-2.5496593676528025,-1.4206969342380285,1.2334177977794847
277,1,3,27901,3749,6964,4479,603,2503,2,0.10314211399165701,1.6136683339453994,-0.03496146351946336
278,1,3,9061,829,683,16919,621,139,4,-2.3807105031825495,0.41622481311531057,-0.8097651066427892
279,1,3,11693,2317,2543,5845,274,1409,2,-0.9723303733003493,1.1298647470551668,0.2622502674875844
280,2,3,17360,6200,9694,1293,3620,1721,1,1.2092158158396642,0.6833620609318222,-0.30152996733459286
281,1,3,3366,2884,2431,977,167,1104,0,-0.8031377302148868,-0.24642199081446928,0.7449997592078758
282,2,3,12238,7108,6235,1093,2328,2079,1,0.9829076847034035,0.5803974133075519,0.05483482963393259
283,1,3,49063,3965,4252,5970,1041,1404,2,-0.11403704012003771,1.7227051943168137,-0.6184755247506719
284,1,3,25767,3613,2013,10303,314,1384,2,-0.9462697712168218,1.7513713623068254,-0.11926854807165804
285,1,3,68951,4411,12609,8692,751,2406,2,0.41825426733073334,2.2742535044485996,-0.5700125187075348
286,1,3,40254,640,3600,1042,436,18,0,-1.9075540728825204,-1.1127246698473112,-2.675798942161065
287,1,3,7149,2247,1242,1619,1226,128,0,-1.0974790884675707,-0.7017773485685458,-0.9328624669841316
288,1,3,15354,2102,2828,8366,386,1027,2,-0.9669709917830026,1.2481917302406291,-0.08585429146527215
289,1,3,16260,594,1296,848,445,258,4,-1.9434043397871896,-0.5052584014396846,-0.6844153445064365
290,1,3,42786,286,471,1388,32,22,4,-4.193785478776864,-0.8591759891195835,-1.999019245858331
291,1,3,2708,2160,2642,502,965,1522,0,-0.20099477087213102,-0.6170691234637097,0.8362828227675492
292,1,3,6022,3354,3261,2507,212,686,2,-0.7216028960453835,0.2333975426891605,0.1358613296394891
293,1,3,2838,3086,4329,3838,825,1060,2,-0.10044691447709812,0.23751819393545495,0.5138237083166699
294,2,2,3996,11103,12469,902,5952,741,1,1.796088187333482,-0.3680328854190743,-0.2572831294090427
295,1,2,21273,2013,6550,909,811,1854,2,-0.003974239868692214,0.5589637551875152,-0.04391197880440619
296,2,2,7588,1897,5234,417,2208,254,0,0.0018898934925292603,-1.0750406469312164,-0.783303376541441
297,1,2,19087,1304,3643,3045,710,898,2,-0.8092745518148443,0.7299417694742706,-0.3081640025877919
298,2,2,8090,3199,6986,1455,3712,531,0,0.5634082466400155,-0.13162406066284796,-0.5495804921258298
299,2,2,6758,4560,9965,934,4538,1037,1,1.1605336846141914,-0.10035303806233054,-0.17863492603322317
300,1,2,444,879,2060,264,290,259,0,-1.2622072278808585,-2.4226703557147427,0.8713089756223515
301,2,2,16448,6243,6360,824,2662,2005,1,0.974355385527089,0.5327305259923204,-0.09876322552931904
302,2,2,5283,13316,20399,1809,8752,172,1,1.9285547996869474,-0.5288187777781221,-1.3250768700446478
303,2,2,2886,5302,9785,364,6236,555,3,1.3880351460548075,-1.126028840987037,-0.18874401973333557
304,2,2,2599,3688,13829,492,10069,59,3,1.1438945154081857,-2.0090026950933844,-1.4719850300276305
305,2,2,161,7460,24773,617,11783,2410,3,2.63592861784199,-1.4286412489657179,1.6718186556142531
306,2,2,243,12939,8852,799,3909,211,3,1.5665991023573682,-2.0232443760313146,0.3379764681264809
307,2,2,6468,12867,21570,1840,7558,1543,1,2.239637262523794,0.4594891709320305,-0.17070031604374972
308,1,2,17327,2374,2842,1149,351,925,2,-0.7461411830975035,0.35871087956121245,-0.16219770439773826
309,1,2,6987,1020,3007,416,257,656,0,-1.1240661162112648,-0.7056096216106987,0.1442381826939224
310,2,2,918,20655,13567,1465,6846,806,1,2.2635723886102794,-0.630998119977803,0.3530907966312196
311,1,2,7034,1492,2405,12569,299,1117,2,-1.2785561262463827,1.1256064854345127,0.3669902340067505
312,1,2,29635,2335,8280,3046,371,117,0,-0.671609126543463,0.16849974288039238,-1.7033758385981856
313,2,2,2137,3737,19172,1274,17120,142,3,1.5456040966349804,-1.3158884010080345,-1.0166294264877294
314,1,2,9784,925,2405,4447,183,297,4,-1.8073404131647535,0.19895467274170875,-0.4127664920291051
315,1,2,10617,1795,7647,1483,857,1233,2,-0.03459264332275894,0.3205843265274159,0.004293002907718974
316,2,2,1479,14982,11924,662,3891,3508,1,2.1488584022899686,-0.21771407704897106,1.08806631808082
317,1,2,7127,1375,2201,2679,83,1059,2,-1.6189770298781514,0.44037565747422136,0.5218507190864735
318,1,2,1182,3088,6114,978,821,1637,0,0.3579369374383148,-0.567115067713756,1.1206582245183354
319,1,2,11800,2713,3558,2121,706,51,0,-0.8548851434046093,-0.7080389995811052,-1.740804229787073
320,2,2,9759,25071,17645,1128,12408,1625,1,2.6630148077061553,0.48338228551633206,-0.3919025396623372
321,1,2,1774,3696,2280,514,275,834,0,-0.48298537898399907,-0.9037431327644324,0.8096869210959889
322,1,2,9155,1897,5167,2714,228,1113,2,-0.7059532661235026,0.5609415685176284,0.19896237857906704
323,1,2,15881,713,3315,3703,1470,229,0,-1.160479146551372,0.08318717779164816,-1.0298543908349436
324,1,2,13360,944,11593,915,1679,573,0,-0.017896123979337313,-0.23226076623836078,-0.602545015747687
325,1,2,25977,3587,2464,2369,140,1092,2,-0.9866759516365445,1.0120092464236614,-0.16139599143276048
326,1,2,32717,16784,13626,60869,1272,5609,1,1.2834565469175736,3.3603843941043636,0.03588957402637001
327,1,2,4414,1610,1431,3498,387,834,2,-1.3017866640468214,0.2310235417688696,0.45404403132709825
328,1,2,542,899,1664,414,88,522,4,-1.689365838313708,-1.7964626713217888,1.3324887632539295
329,1,2,16933,2209,3389,7849,210,1534,2,-0.9781376569919786,1.4528894343529577,0.14363744506643564
330,1,2,5113,1486,4583,5127,492,739,2,-0.7376624498122968,0.39080153471019763,0.15361195621079865
331,1,2,9790,1786,5109,3570,182,1043,2,-0.8594400656127309,0.6894469228593008,0.160435758928611
332,2,2,11223,14881,26839,1234,9606,1102,1,2.4502047809878844,0.3659547015242538,-0.6571929792904156
333,1,2,22321,3216,1447,2208,178,2602,2,-1.0759665176116135,1.2539077622771884,0.4368680798260174
334,2,2,8565,4980,67298,131,38102,1215,3,3.094117702476253,-0.9292734476126283,-0.6444636244546408
335,2,2,16823,928,2743,11559,332,3486,2,-1.2803132354238116,1.8404757580883013,0.6323390005474997
336,2,2,27082,6817,10790,1365,4111,2139,1,1.3513744330049067,0.9819864778304417,-0.40810711546667344
337,1,2,13970,1511,1330,650,146,778,0,-1.5972067259846168,-0.0762662020047578,0.06781209487937959
338,1,2,9351,1347,2611,8170,442,868,2,-1.177723104495976,0.9091352867680933,0.06013827747825938
339,1,2,3,333,7021,15601,15,550,4,-2.030104759173886,-2.1364645263206796,3.5352317866687293
340,1,2,2617,1188,5332,9584,573,1942,2,-0.5822879038999416,0.7710421809833482,0.9565526625569588
341,2,3,381,4025,9670,388,7271,1371,3,1.5809786874872223,-1.579369304539357,1.200642090544433
342,2,3,2320,5763,11238,767,5162,2158,1,1.6008593086529952,-0.297374735978945,0.6560693524330703
343,1,3,255,5758,5923,349,4595,1328,3,1.395379331212755,-1.7362938285638254,1.4468108125290138
344,2,3,1689,6964,26316,1456,15469,37,3,1.7711792335730783,-1.8131932836906257,-1.7298045977024308
345,1,3,3043,1172,1763,2234,217,379,0,-1.5955004517231715,-0.4639534904092867,0.24493365919302007
346,1,3,1198,2602,8335,402,3843,303,3,0.7439963317781043,-1.7478662791248183,-0.022695431756705003
347,2,3,2771,6939,15541,2693,6600,1115,1,1.6828348818535854,0.09243465822402022,0.10688032557905651
348,2,3,27380,7184,12311,2809,4621,1022,1,1.2823480487247734,1.0168788620846343,-0.87261798996
349,1,3,3428,2380,2028,1341,1184,665,0,-0.4823037837749988,-0.40470310154069283,0.25389443104820275
350,2,3,5981,14641,20521,2005,12218,445,1,2.224036837264368,-0.04542855699156403,-0.894799340136466
351,1,3,3521,1099,1997,1796,173,995,0,-1.463433344074812,-0.1098687526024806,0.7422681434301923
352,2,3,1210,10044,22294,1741,12638,3137,1,2.541648551992537,-0.0005285919784329745,0.9111324024249823
353,1,3,608,1106,1533,830,90,195,4,-1.8662323812317898,-1.8080231551572907,0.7126665573652101
354,2,3,117,6264,21203,228,8682,1111,3,2.3708003493474106,-2.3386769107800367,1.457637362173004
355,1,3,14039,7393,2548,6386,1333,2341,2,0.18228262431517062,1.529517019915385,0.20242128504593881
356,1,3,190,727,2012,245,184,127,0,-1.56465212475644,-3.0919031867974383,0.911273041549844
357,1,3,22686,134,218,3157,9,548,4,-4.8695452370353065,0.5258148628780996,0.3295947973552755
358,2,3,37,1275,22272,137,6747,110,3,1.2686786442427562,-4.158059594984571,0.7965519684143848
359,1,3,759,18664,1660,6114,536,4100,2,0.44025719444341965,0.7211263281211793,1.882284596862772
360,1,3,796,5878,2109,340,232,776,0,-0.2548192627554616,-1.3804179171707642,1.1221712266008381
361,1,3,19746,2872,2006,2601,468,503,2,-0.9354381371382597,0.5512162109731423,-0.5791203048105992
362,1,3,4734,607,864,1206,159,405,4,-2.3465276106443023,-0.607432930942983,0.2665066994800724
363,1,3,2121,1601,2453,560,179,712,0,-1.0515808658081083,-0.9429702538630702,0.739989698995364
364,1,3,4627,997,4438,191,1335,314,0,-0.41383542498093756,-1.6029412022618146,-0.31394424374023094
365,1,3,2615,873,1524,1103,514,468,0,-1.4193155029760824,-0.8345569132077725,0.37792308474980196
366,2,3,4692,6128,8025,1619,4515,3105,1,1.3447366255879396,0.4933818173563679,0.5934404254934718
367,1,3,9561,2217,1664,1173,222,447,0,-1.2831992782541768,-0.15518034770072325,-0.1894408885025415
368,1,3,3477,894,534,1457,252,342,4,-2.2780284207411063,-0.6824597543603734,0.28073549617819266
369,1,3,22335,1196,2406,2046,101,558,2,-1.739563304375667,0.4872251133681248,-0.35441682704055705
370,1,3,6211,337,683,1089,41,296,4,-3.2540125458387057,-0.6890880749319414,0.1988482492723748
371,2,3,39679,3944,4955,1364,523,2235,2,-0.008373997036048141,1.1752513688500117,-0.17822781563518778
372,1,3,20105,1887,1939,8164,716,790,2,-1.0766453157868003,1.2009046069409066,-0.36948385127608396
373,1,3,3884,3801,1641,876,397,4829,2,-0.3422784787594498,0.36599671146544305,1.4409092988202317
374,2,3,15076,6257,7398,1504,1916,3113,1,0.9617557638509685,0.9680937100577425,0.19643460691397
375,1,3,6338,2256,1668,1492,311,686,0,-1.090402760490355,-0.04614102468094488,0.1850912898834397
376,1,3,5841,1450,1162,597,476,70,0,-1.633623279537868,-1.5012615551328348,-1.0157063674411184
377,2,3,3136,8630,13586,5641,4666,1426,1,1.5637082270514506,0.6253687903953663,0.2207152799548501
378,1,3,38793,3154,2648,1034,96,1242,2,-1.053016961421067,0.8436070533847337,-0.2061906139443629
379,1,3,3225,3294,1902,282,68,1114,0,-1.011455740447613,-0.776564848531128,0.9135680201561271
380,2,3,4048,5164,10391,130,813,179,3,0.6480566578711326,-1.8436683069731414,-0.7202964252601723
381,1,3,28257,944,2146,3881,600,270,2,-1.5511514930235653,0.4775333931086847,-1.0516450025548956
382,1,3,17770,4591,1617,9927,246,532,2,-1.1448755600734488,1.2340318678985096,-0.45511677922704863
383,1,3,34454,7435,8469,2540,1711,2893,1,0.9537353413145793,1.5366844133989324,-0.22802627058066022
384,1,3,1821,1364,3450,4006,397,361,0,-1.0139639558473699,-0.4309920389305066,0.2701962163149001
385,1,3,10683,21858,15400,3635,282,5120,1,1.3628150545240698,1.669519249791468,0.6615123942724226
386,1,3,11635,922,1614,2583,192,1068,2,-1.7407081361612755,0.5419332746990215,0.2811004613593421
387,1,3,1206,3620,2857,1945,353,967,0,-0.38810910706006196,-0.39985980059857423,0.9839199704841103
388,1,3,20918,1916,1573,1960,231,961,2,-1.3571852325010478,0.6898386251237493,-0.09725840795503476
389,1,3,9785,848,1172,1677,200,406,4,-2.0355222414330374,-0.13283403126494336,-0.13965280682544504
390,1,3,9385,1530,1422,3019,227,684,2,-1.5731068855635675,0.4009353627674372,0.08319032777384679
391,1,3,3352,1181,1328,5502,311,1000,2,-1.565052361919832,0.3746699728747901,0.7238065121729128
392,1,3,2647,2761,2313,907,95,1827,0,-0.9223499520372808,-0.15264386293921003,1.2080163031681206
393,1,3,518,4180,3600,659,122,654,0,-0.4256808608301159,-1.3369279558411558,1.2357397601924995
394,1,3,23632,6730,3842,8620,385,819,2,-0.2972512439641066,1.4843284382033912,-0.5169725759502957
395,1,3,12377,865,3204,1398,149,452,0,-1.5820515272641336,-0.0688774067444872,-0.2666402885310513
396,1,3,9602,1316,1263,2921,841,290,0,-1.4285973652155552,-0.028250627654464167,-0.5354397993727636
397,2,3,4515,11991,9345,2644,3378,2213,1,1.5605918137907924,0.6588055243854777,0.38165490068577157
398,1,3,11535,1666,1428,6838,64,743,2,-2.021973388696803,0.9567103461187131,0.16663103406654547
399,1,3,11442,1032,582,5390,74,247,4,-2.8338322911639042,0.3331377326391787,-0.31966270314704387
400,1,3,9612,577,935,1601,469,375,4,-2.077835382363047,-0.2752436471119687,-0.22156044716537862
401,1,3,4446,906,1238,3576,153,1014,4,-1.9334112799344771,0.2924720043586291,0.7247822235652019
402,1,3,27167,2801,2128,13223,92,1902,2,-1.4168928934611529,2.0368269605627822,0.1853600570199653
403,1,3,26539,4753,5091,220,10,340,0,-1.2337398032529767,-0.41314750220872,-0.5942657987061867
404,1,3,25606,11006,4604,127,632,288,0,0.4770957319668482,-0.8111169349318234,-1.1813730234548043
405,1,3,18073,4613,3444,4324,914,715,2,-0.19393470906554808,0.9214842720243603,-0.5269789493269851
406,1,3,6884,1046,1167,2069,593,378,0,-1.5922254683750345,-0.2257759926144595,-0.17049539908117578
407,1,3,25066,5010,5026,9806,1092,960,2,0.03659127675547131,1.551545400130882,-0.5893358060707216
408,2,3,7362,12844,18683,2854,7883,553,1,1.9517474214983306,0.2920713406320518,-0.7978197981995733
409,2,3,8257,3880,6407,1646,2730,344,0,0.43016330750830184,-0.2072966203260687,-0.7707671003036708
410,1,3,8708,3634,6100,2349,2123,5137,1,0.6970085094621638,1.0879902664312664,0.7576458850598957
411,1,3,6633,2096,4563,1389,1860,1892,2,0.13896534034977634,0.2665298847117448,0.41156208101606595
412,1,3,2126,3289,3281,1535,235,4365,2,-0.26097534000397754,0.3408920704970345,1.6249364718053247
413,1,3,97,3605,12400,98,2970,62,3,1.098592493293863,-3.9975873727611715,0.16660220642719992
414,1,3,4983,4859,6633,17866,912,2435,2,0.31143782453350954,1.562349393918893,0.6165124692710816
415,1,3,5969,1990,3417,5679,1135,290,0,-0.6498796563298807,0.12019196805063988,-0.5221329177149835
416,2,3,7842,6046,8552,1691,3540,1874,1,1.1670416816608618,0.5209248828924604,0.10720690723001645
417,2,3,4389,10940,10908,848,6728,993,1,1.807772677278614,-0.24505202611913787,-0.13004240476238535
418,1,3,5065,5499,11055,364,3485,1063,1,1.3489771015972818,-0.6058933339072305,-0.018036256620711212
419,2,3,660,8494,18622,133,6740,776,3,2.2501243058198606,-1.9913566115931873,0.5392521862717771
420,1,3,8861,3783,2223,633,1580,1521,0,0.04053619108792422,0.01503657440371778,0.24101114667100668
421,1,3,4456,5266,13227,25,6818,1393,3,1.9744528802165089,-1.7975109963514537,0.1362305675192801
422,2,3,17063,4847,9053,1031,3415,1784,1,1.0631087717477052,0.5594170325960822,-0.23826762889288744
423,1,3,26400,1377,4172,830,948,1218,2,-0.4518529940547751,0.38087728552904704,-0.31051710629474216
424,2,3,17565,3686,4657,1059,1803,668,0,0.2097807182051679,0.17716754814411292,-0.629713042783384
425,2,3,16980,2884,12232,874,3213,249,0,0.629508009196495,-0.38759658106904443,-1.3316202581839658
426,1,3,11243,2408,2593,15348,108,1886,2,-1.294188913491778,1.7212355105611798,0.5302889669799729
427,1,3,13134,9347,14316,3141,5079,1894,1,1.6655962244008677,1.0536090829348208,-0.25533449112810824
428,1,3,31012,16687,5429,15082,439,1163,2,0.35750515769139996,2.099433710842771,-0.5664486928994619
429,1,3,3047,5970,4910,2198,850,317,0,0.16042602155153796,-0.40535570181831604,-0.24857918724580516
430,1,3,8607,1750,3580,47,84,2501,0,-0.6815526866342553,-0.9576921495297468,0.9126110171489586
431,1,3,3097,4230,16483,575,241,2080,1,0.6599715113742471,-0.2420518619716954,0.8471271269998792
432,1,3,8533,5506,5160,13486,1377,1498,2,0.2889275313148349,1.4494600587131428,0.08767349883189517
433,1,3,21117,1162,4754,269,1328,395,0,-0.410770305410957,-0.7232885518952022,-0.8699923926570314
434,1,3,1982,3218,1493,1541,356,1449,0,-0.7218512982963085,-0.15328550750589232,1.083619990170221
435,1,3,16731,3922,7994,688,2371,838,1,0.6947438552818328,0.04553748277394868,-0.5752686703239654
436,1,3,29703,12051,16027,13135,182,2204,2,0.5922014126327264,2.2711296753363484,-0.19166066805364232
437,1,3,39228,1431,764,4510,93,2346,2,-2.1532243008896557,1.6972804904618812,0.32849728221081204
438,2,3,14531,15488,30243,437,14841,1867,1,2.8525767676040386,0.19460002308991797,-0.5243573089343083
439,1,3,10290,1981,2232,1038,168,2125,2,-1.0117667920942917,0.45278454533107537,0.6604578751679234
440,1,3,2787,1698,2510,65,477,52,0,-0.9156408925598072,-2.918261077423318,-0.9249211044872808
